Year,Month,Date,Max Temp,Avg Temp,Min Temp,Max Dew,Avg Dew,Min Dew,Max Humid,Avg Humid,Min Humid,Max Wind,Avg Wind,Min Wind,Max Pres,Avg Pres,Min Pres,Rainfall
2016,1,1,48,43.5,37,45,38.7,34,87,82.5,76,17,10.4,2,30.2,30,29.7,0.4
2016,1,2,54,51,48,50,46.8,45,94,86.8,82,17,13.5,7,29.6,29.5,29.4,6.5
2016,1,3,52,47.4,45,48,42.9,36,94,83.4,71,20,10.2,3,29.6,29.3,29,5.6
2016,1,4,52,47.8,46,45,43,41,87,82.3,71,12,7.8,5,29,29,29,0
2016,1,5,52,48,43,45,44.4,41,93,85.6,76,10,5.4,2,29.2,29.1,29,0.5
2016,1,6,46,44.8,43,43,42.1,41,100,90.2,81,9,4,0,29.4,29.3,29.2,0.3
2016,1,7,52,46.3,41,48,39,32,94,76.2,57,30,14.7,3,29.5,29.2,28.9,11.8
2016,1,8,50,45.1,39,43,38.6,34,87,77.7,66,14,7.9,2,29.5,29.5,29.4,0.2
2016,1,9,52,49.4,45,46,43.9,39,87,81,76,26,11.2,6,29.4,29.2,29,4.8
2016,1,10,48,45.2,43,39,37.3,36,81,75.4,66,18,11.9,6,29.1,29.1,29,1.3
2016,1,11,46,44.9,43,43,39.5,37,87,82.6,76,18,10.2,3,29.2,29,28.9,16.1
2016,1,12,46,43.3,41,37,36.5,34,87,78,66,24,17.1,10,29.8,29.4,29.2,0.3
2016,1,13,45,42.7,39,37,33.8,30,81,71.3,57,18,11.2,6,30,29.9,29.7,0.8
2016,1,14,43,40,37,39,31.8,25,87,73,53,24,16.2,9,29.9,29.7,29.6,2
2016,1,15,43,39,37,32,29.9,27,81,69.9,53,17,13.3,8,30.3,30.1,29.9,0
2016,1,16,41,37.5,36,32,30.3,28,87,75.6,65,10,6,0,30.4,30.3,30.3,1.1
2016,1,17,41,37.4,34,34,31.6,28,93,80.3,65,10,5.7,0,30.3,30.3,30.1,2.6
2016,1,18,41,37.2,32,34,30.2,25,87,75.4,65,10,7,0,30.1,30,29.9,0
2016,1,19,41,34.4,30,28,24.4,16,86,68.3,36,6,1.5,0,30.1,30,30,0
2016,1,20,43,34.8,30,32,28.3,23,93,77.4,65,6,3.1,0,30.2,30.1,30.1,0
2016,1,21,46,38.8,30,34,31.5,28,100,76.3,61,13,6.7,0,30.2,30.1,30.1,0
2016,1,22,52,46.5,43,48,40.5,34,94,79.6,70,13,9.4,6,30.2,30,29.9,2.6
2016,1,23,52,47.5,45,45,43,41,93,83.4,76,17,8.6,3,30.4,30.4,30.2,1.8
2016,1,24,59,54.4,50,54,50.9,46,94,88,82,14,9.3,3,30.3,30.3,30.3,0.2
2016,1,25,57,53.9,48,50,45.2,39,88,72.3,58,22,12.4,5,30.2,30.1,30,0
2016,1,26,54,50.5,46,48,44.4,41,88,80.2,67,24,17.1,7,30.2,30,29.8,2.8
2016,1,27,57,53.6,48,52,47.5,37,88,80,66,24,19,13,30,29.8,29.7,2.6
2016,1,28,50,46.1,39,43,35.1,32,76,65.5,54,22,13.9,7,30.3,30.2,30,0
2016,1,29,55,53.5,50,48,46.3,43,82,77.8,67,25,21.1,17,30.1,30,29.8,0.2
2016,1,30,54,46.9,41,48,36.3,27,88,67.8,46,24,17,9,29.9,29.8,29.7,4.4
2016,1,31,57,50,41,50,43.8,34,93,79,70,24,14,6,29.9,29.8,29.7,2.4
2016,2,1,59,54.9,50,48,44.3,37,82,68.1,51,31,21.9,16,30,29.9,29.9,0
2016,2,2,52,48.1,41,39,34.9,30,76,60.9,44,28,18.7,12,30,29.9,29.9,0
2016,2,3,48,43.2,39,36,33.3,30,81,68,54,21,13.9,9,30.3,30.1,30,0
2016,2,4,57,50.6,41,48,43.3,34,88,76.7,67,21,13.6,6,30.3,30.2,30.1,0.2
2016,2,5,52,51.7,50,48,45.1,43,88,78.3,71,20,13.8,8,30.3,30,29.8,0.9
2016,2,6,55,51.9,45,46,44.2,39,87,75.4,58,26,19.3,9,29.8,29.4,29.1,4.8
2016,2,7,50,46.9,43,46,37.3,34,87,70.3,54,26,16.8,7,29.4,29.3,29,13
2016,2,8,50,47.8,45,41,35.9,32,76,63.1,54,35,26,16,29.4,29.1,29,1.1
2016,2,9,46,43.6,41,37,33.3,28,81,68,50,21,13.3,3,29.3,29.2,29,0.2
2016,2,10,48,43.9,39,37,35.3,32,81,71.8,57,17,11.8,5,29.6,29.4,29.2,0
2016,2,11,48,41.2,36,36,32.7,28,93,72.9,46,10,5.7,3,29.7,29.6,29.5,0
2016,2,12,43,40.5,37,39,36.2,34,93,83.9,76,14,8.2,2,29.5,29.4,29.3,0
2016,2,13,43,39.5,36,37,35.7,32,93,85.7,76,20,11.1,2,29.3,29.1,29,2.1
2016,2,14,45,39.9,36,37,31.5,25,93,72.8,53,16,10.2,5,29.8,29.4,29.2,0.7
2016,2,15,45,38.7,34,34,31.1,28,87,75.4,57,16,10.2,2,30.6,30.3,29.9,0
2016,2,16,46,38.7,32,34,31.2,28,93,76.2,53,13,5.7,0,30.6,30.5,30.3,0
2016,2,17,45,40.7,36,39,33.5,28,93,76.5,53,14,7.9,5,30.3,30,29.8,7
2016,2,18,46,41.5,37,37,32.5,25,93,71.9,49,12,8.1,2,30,29.9,29.8,1.5
2016,2,19,50,43.1,36,46,36.9,32,87,78.9,57,21,12.2,3,30,30,29.8,0.2
2016,2,20,55,52.2,48,50,46.2,39,94,80.9,58,24,17.5,12,29.8,29.8,29.7,3.1
2016,2,21,59,55.6,52,50,49.2,48,94,79.2,72,25,19.2,14,29.8,29.8,29.7,0
2016,2,22,54,48.1,45,50,39.2,28,100,73.2,46,20,10.6,5,29.9,29.8,29.7,3.7
2016,2,23,48,43.6,37,36,33.5,30,87,67.8,54,12,6.7,0,30.1,30,29.9,0
2016,2,24,46,39,32,36,28.7,23,93,69.5,43,7,2.8,0,30.1,30,30,0
2016,2,25,43,37.7,34,32,28,23,87,69.3,49,10,5.3,0,30,30,30,0
2016,2,26,46,39.2,32,34,29.2,27,87,68.7,50,12,7.1,0,30,29.8,29.7,0
2016,2,27,43,40.8,39,34,28.8,25,81,62.9,49,18,11.1,3,30,29.8,29.7,0
2016,2,28,46,41,37,32,29.5,25,75,64.5,43,18,12,7,30.3,30.1,30,0
2016,2,29,48,41.9,36,34,30.4,28,87,65.5,50,10,5.8,0,30.3,30.3,30.2,0.1
2016,3,1,55,48.9,41,50,42.7,34,94,79.9,62,23,15.6,9,30.2,29.8,29.6,5.7
2016,3,2,48,43.5,39,41,34.9,30,93,72.1,57,31,19.2,14,29.6,29.5,29.3,1.7
2016,3,3,50,44.7,39,41,34.1,28,87,67.5,46,24,13.5,8,29.7,29.6,29.3,1.6
2016,3,4,48,42.9,37,43,31.7,27,93,65.8,46,17,10.6,0,29.3,29.3,29.2,2.6
2016,3,5,45,38.9,34,37,33.1,28,87,80,61,17,9.1,0,29.7,29.5,29.3,0.3
2016,3,6,45,39.7,36,34,32,30,87,74.5,57,14,8.7,3,29.7,29.7,29.6,0.6
2016,3,7,45,40.8,36,32,29.4,28,87,65.7,53,15,9.2,3,30,29.8,29.7,0
2016,3,8,48,41.8,34,45,32.9,25,93,71.3,53,14,9.3,2,30,29.9,29.6,0.3
2016,3,9,50,46.3,43,45,42.9,39,93,86.8,76,18,10.5,2,29.8,29.4,29.2,13.9
2016,3,10,48,44.3,39,41,39.3,36,93,83.4,66,8,4.8,0,30.3,30.1,29.8,0
2016,3,11,50,41.2,32,37,35.9,32,100,83,58,8,4.3,0,30.4,30.3,30.3,0
2016,3,12,52,44.5,39,41,38.8,36,100,82.1,54,10,3.6,0,30.5,30.4,30.4,0
2016,3,13,48,41.6,36,39,36.3,34,100,81.8,57,16,9.1,2,30.6,30.5,30.5,0
2016,3,14,50,44.1,41,37,33.7,25,87,68.5,37,22,13.1,3,30.6,30.5,30.4,0
2016,3,15,48,43.4,37,41,39.1,34,93,84.2,76,14,7.5,0,30.4,30.4,30.4,0
2016,3,16,48,45.3,41,43,36.9,30,93,73.8,50,22,13.7,7,30.4,30.4,30.3,0
2016,3,17,52,43.5,36,37,33.7,28,93,70.7,43,15,7.7,2,30.4,30.4,30.3,0
2016,3,18,46,42.2,37,39,36.8,32,93,81.5,71,12,7.5,2,30.3,30.3,30.3,0
2016,3,19,48,45.1,43,39,36.3,34,87,71.7,62,14,10.1,6,30.3,30.3,30.3,0
2016,3,20,52,46.3,41,41,37.3,34,93,71.8,50,12,7.8,2,30.3,30.2,30.2,0
2016,3,21,54,48.1,43,41,37.9,34,87,68.5,51,14,6.6,2,30.2,30.2,30.1,0
2016,3,22,55,47.5,39,37,35.6,32,87,65.1,41,8,3.5,0,30.1,30,30,0
2016,3,23,50,47.8,45,39,37,34,81,66.7,54,8,3.7,0,30,30,30,0
2016,3,24,52,48.1,45,46,40.9,36,93,75.8,62,16,10.7,6,30,29.9,29.8,5
2016,3,25,59,51.1,46,48,39.1,34,100,66.2,39,14,8.7,3,30,29.9,29.8,3.5
2016,3,26,57,51.5,46,52,45.4,36,88,79.4,66,32,14.1,5,29.9,29.7,29.4,2.6
2016,3,27,52,49.4,46,45,40.7,36,87,72.7,54,29,18.2,8,29.5,29.4,29.2,7
2016,3,28,54,48,41,46,38.6,32,87,71.7,44,33,20.9,8,29.4,29.2,28.8,11.6
2016,3,29,55,47.5,43,41,37.2,28,87,70,36,21,14.2,8,29.7,29.6,29.4,6.9
2016,3,30,55,48.6,43,39,37.1,32,87,66.3,44,16,10.8,5,29.9,29.8,29.6,0
2016,3,31,54,48,43,41,34.8,28,81,62.4,38,13,6.4,2,30.1,30,29.9,0
2016,4,1,55,47.5,37,39,35.9,32,93,65.8,47,15,7.3,0,30.1,30.1,30,0
2016,4,2,59,51.1,46,46,38.2,32,100,63.4,36,14,9.1,6,30,29.9,29.7,2.7
2016,4,3,63,53,46,50,45.4,41,100,77.1,48,13,7,0,29.8,29.7,29.6,1.8
2016,4,4,55,51.8,48,48,44.8,43,94,77.2,63,14,8.8,3,29.6,29.6,29.5,0.4
2016,4,5,59,52.8,46,46,40.3,34,93,64.6,41,17,9.5,3,29.8,29.7,29.6,0
2016,4,6,55,48.9,45,46,37.6,30,87,66,44,28,16.5,8,29.8,29.7,29.6,0.7
2016,4,7,52,46.2,43,43,39,34,87,75.5,66,18,12.8,2,29.9,29.8,29.7,1.5
2016,4,8,57,49.4,43,43,40,37,93,72.1,48,12,7.2,2,29.9,29.8,29.7,0
2016,4,9,54,47.9,41,45,38.3,32,93,70.3,44,15,9.6,5,29.7,29.6,29.5,2.2
2016,4,10,54,47.2,37,45,36.5,30,87,67.6,41,24,12.9,2,29.8,29.7,29.7,0
2016,4,11,57,53.4,50,50,46.8,45,88,78.7,63,16,10,3,29.7,29.7,29.7,3
2016,4,12,63,53.8,48,46,41.6,34,93,66,34,13,7.8,2,29.7,29.7,29.7,3.3
2016,4,13,63,54.9,43,45,39.2,32,87,58.3,32,8,4.5,0,29.8,29.8,29.7,0
2016,4,14,63,55.6,48,46,42.2,39,87,62.3,42,10,6,0,29.8,29.8,29.7,2.5
2016,4,15,55,51.1,48,48,46.6,45,94,85.7,72,13,5.9,0,29.7,29.5,29.4,21.1
2016,4,16,48,44.5,39,45,35.7,28,87,72.2,46,15,9.6,3,29.8,29.6,29.4,0.2
2016,4,17,54,45.6,37,36,30.8,25,87,59,33,9,5.7,2,30.1,30,29.8,0
2016,4,18,54,49.6,41,41,36.2,30,76,61.1,50,17,10.7,7,30.3,30.2,30.1,0
2016,4,19,59,52,46,43,38.7,32,82,62,38,15,8.1,3,30.4,30.3,30.3,0
2016,4,20,55,48.5,41,43,39.3,36,93,72.1,51,18,11.7,3,30.4,30.4,30.3,0
2016,4,21,59,51.1,43,45,39.6,32,93,66.5,44,20,12.4,5,30.3,30.2,30.2,0
2016,4,22,52,48.2,45,45,40.3,36,87,74.4,62,17,12.1,6,30.2,30.1,30.1,5.5
2016,4,23,50,45.7,39,39,33.1,27,93,63.5,40,16,8.1,2,30.1,30.1,30.1,0.2
2016,4,24,48,45.1,39,39,33.8,27,87,66,43,17,8.4,2,30.1,30.1,30,0.8
2016,4,25,54,46.4,39,41,38.2,34,87,74,54,20,11.3,3,30,29.8,29.7,1.1
2016,4,26,50,43.3,39,36,30.3,25,81,61.4,40,20,13.4,9,29.8,29.7,29.7,0.1
2016,4,27,52,43.8,37,36,31.1,23,87,63.5,33,16,8.1,2,29.9,29.9,29.8,0.3
2016,4,28,54,46.5,37,41,33.9,25,93,64.4,33,17,11,0,30,29.9,29.8,2.2
2016,4,29,52,47.4,43,41,33.6,28,81,59.8,43,24,14.8,6,30,29.8,29.8,0.9
2016,4,30,55,48.4,41,36,32.3,25,76,55.9,31,17,7.6,3,30.3,30.1,30,0
2016,5,1,63,52.1,41,45,36.7,28,81,58.4,29,14,8,2,30.4,30.3,30.3,0
2016,5,2,63,54.9,50,50,46.9,39,94,75.6,59,20,13,8,30.3,30.1,30,0.2
2016,5,3,59,53.1,45,39,35.9,30,81,53.9,34,14,8.8,3,30.3,30.3,30.1,0
2016,5,4,64,56,46,39,33.9,19,71,46.1,22,13,6.8,0,30.3,30.3,30.2,0
2016,5,5,68,57.4,46,45,38.5,34,81,51.9,28,16,9,2,30.2,30.1,30,0
2016,5,6,70,59.3,48,50,45.8,41,82,63,38,15,8.4,2,30,29.8,29.8,0
2016,5,7,75,63.6,54,54,49.4,45,88,62.5,40,17,8.3,3,29.8,29.7,29.7,0
2016,5,8,79,66.7,55,52,49.8,48,82,56.6,36,17,9.9,3,29.8,29.7,29.7,0
2016,5,9,73,64,57,55,51.6,48,82,66.2,43,17,9.9,2,29.8,29.8,29.7,2
2016,5,10,63,60.5,59,59,57.7,55,100,91.6,82,14,9.2,3,29.8,29.7,29.7,5.2
2016,5,11,66,61,57,61,58.3,57,100,91.3,78,13,6.3,2,29.7,29.6,29.6,17.7
2016,5,12,73,63.7,54,59,52.3,48,100,69.2,43,18,9.9,3,29.7,29.6,29.5,0
2016,5,13,63,55.9,50,52,47.1,37,88,72.9,62,15,11.7,7,30,29.8,29.7,0
2016,5,14,55,50.4,46,39,35.4,32,71,56.9,41,13,8.4,3,30.2,30.1,30,0
2016,5,15,63,54.1,45,46,38.5,34,82,58.6,36,15,7.7,0,30.2,30.2,30.1,0
2016,5,16,66,57.7,50,46,43.6,39,87,61.3,40,13,5.4,0,30.1,30.1,30.1,0
2016,5,17,64,58.1,50,48,44.5,41,82,62,42,17,10,2,30.1,30,29.8,0
2016,5,18,57,54.9,54,52,49.1,48,88,80.7,72,14,9.4,3,29.8,29.6,29.6,5.2
2016,5,19,64,57.6,52,52,48.6,41,94,73.5,45,17,10.3,2,29.9,29.8,29.7,0.5
2016,5,20,68,60.7,57,54,48.9,41,88,66.6,42,17,12.5,7,30,29.9,29.9,0
2016,5,21,64,60.8,57,55,52.5,50,88,73.8,59,20,12,3,29.9,29.8,29.7,0
2016,5,22,66,59,55,52,47.7,43,88,67.4,43,10,5.8,0,29.9,29.7,29.7,0.2
2016,5,23,66,59.1,52,52,45.5,39,88,61.6,37,13,9.2,5,30.2,30,29.9,0
2016,5,24,63,55.3,48,46,42,39,87,62.5,45,15,9.9,2,30.2,30.1,30.1,0
2016,5,25,54,52.2,50,48,43.9,37,88,74.3,62,10,6.7,3,30.1,30,30,0
2016,5,26,66,57.9,50,50,46.9,43,87,68.6,46,15,6.2,2,30,30,30,0
2016,5,27,68,59.4,52,55,49.7,45,88,71.5,52,13,9.5,6,30,30,30,0
2016,5,28,66,57.9,50,54,50.3,46,94,76.8,60,13,7.2,5,30,30,29.9,0
2016,5,29,66,57,50,54,49.8,45,88,77.1,64,13,8.9,5,30,29.9,29.9,0
2016,5,30,63,58,54,52,49.7,46,88,74.5,59,17,12.8,8,30,30,29.9,0
2016,5,31,57,54.3,52,52,50,48,94,85.7,72,18,14.6,9,30.1,30,29.9,12.4
2016,6,1,55,54.7,54,52,51.8,50,94,89.3,88,15,10.9,6,30.2,30.1,30.1,0.5
2016,6,2,54,52.6,50,50,46.9,46,94,83.2,77,16,12.5,9,30.1,30.1,30.1,0
2016,6,3,55,52.6,50,52,47.8,45,94,84.8,77,12,7.3,2,30.1,30,30,0
2016,6,4,66,59.5,54,59,55.4,52,94,86.9,73,8,5.4,3,30.1,30,30,0
2016,6,5,75,61.3,54,59,54.4,52,94,78.8,53,13,7.7,3,30.2,30.1,30.1,0
2016,6,6,72,60.7,54,54,49.7,43,94,69.7,38,13,8.8,6,30.2,30.2,30.1,0
2016,6,7,73,63.6,55,63,54,43,83,71.3,48,8,5.2,2,30.2,30.2,30.2,2
2016,6,8,77,65,57,63,56.2,48,94,74.2,50,14,4.8,0,30.2,30.2,30.2,7
2016,6,9,68,60.1,54,54,52.1,50,94,75,56,12,7,3,30.2,30.1,30,0
2016,6,10,73,63.8,55,55,50.2,37,88,64.1,37,13,6.4,3,30,29.9,29.8,0.2
2016,6,11,72,64.7,59,59,55.8,52,83,73.3,50,13,4.3,2,29.8,29.8,29.8,0.7
2016,6,12,68,63.1,59,61,57,52,94,81.2,68,13,7.3,2,29.8,29.7,29.6,2.8
2016,6,13,66,62.2,59,59,55.8,54,88,81.2,68,16,9.4,3,29.6,29.6,29.5,4.1
2016,6,14,66,61.1,57,57,54.8,52,94,80.5,64,17,10.6,5,29.5,29.4,29.4,8.6
2016,6,15,68,61.4,55,52,50.5,48,88,68.2,49,16,9.9,5,29.5,29.4,29.4,0
2016,6,16,66,60.8,57,55,53,50,94,75.8,59,13,6.5,0,29.6,29.5,29.5,1.1
2016,6,17,66,59.9,55,55,53.9,50,94,80.6,56,13,6.4,3,29.9,29.7,29.6,7.6
2016,6,18,61,58.9,55,54,51.1,48,88,75.6,63,13,6.9,0,30.2,30.1,29.9,0.2
2016,6,19,70,62.6,57,59,53.6,50,94,73.4,49,16,10.5,3,30.2,30.2,30,1.7
2016,6,20,72,64.7,61,61,57.7,55,94,80,57,21,12.7,6,30,29.9,29.8,15.2
2016,6,21,72,65.8,61,55,53.7,52,82,65.8,53,14,9.9,7,30.1,30,30,0
2016,6,22,73,66.8,59,64,59.9,55,94,79.3,65,13,6.9,2,30.1,30.1,30,0
2016,6,23,72,67.8,63,66,64.3,59,94,89.5,78,14,6.9,2,30,30,29.9,30.4
2016,6,24,72,64.5,57,57,53.4,50,94,68.5,50,17,11.4,7,30.1,30,30,0
2016,6,25,70,61.2,57,55,52.2,46,88,72.6,49,15,8.2,2,30,30,30,3.2
2016,6,26,68,61.8,57,57,52.3,48,94,71.8,49,17,11.9,6,30,30,30,0.3
2016,6,27,70,64.7,59,61,52.3,46,100,67.3,43,16,9.8,5,30.1,30,30,3.3
2016,6,28,70,61.7,57,54,48.7,43,88,64.3,40,17,7.8,0,30.1,29.9,29.7,1.5
2016,6,29,64,59.9,54,55,52.8,48,88,77.8,59,18,14.3,9,29.8,29.8,29.7,0.7
2016,6,30,68,63.2,57,55,54.1,50,94,73.5,52,17,11.4,5,29.8,29.8,29.8,0.7
2016,7,1,68,62,55,57,52.9,46,88,73.2,52,18,13.8,9,29.8,29.8,29.7,0.5
2016,7,2,68,59.9,54,52,47.8,43,82,65.8,40,23,14.8,8,30,29.9,29.8,0.2
2016,7,3,70,62.4,54,54,50.4,46,88,65.9,46,13,8.7,6,30.1,30,30,0
2016,7,4,70,63.5,55,57,53.8,48,94,71.6,49,14,9.9,5,30.1,30,30,0
2016,7,5,70,64.5,61,57,50.3,46,88,62,43,17,12,3,30.1,30,29.9,0
2016,7,6,72,64,55,52,46.3,43,72,53.8,38,9,5.8,2,30.2,30.2,30.1,0
2016,7,7,73,66.9,61,55,52.2,48,73,60.2,46,12,8.9,6,30.1,30.1,30,0
2016,7,8,73,67.2,61,57,55.1,54,82,66.1,50,22,14.3,7,30.1,30,29.9,0
2016,7,9,75,68.3,63,59,57.1,54,78,67.5,53,20,12.5,5,30.1,30,29.9,0
2016,7,10,73,66.7,63,61,57.2,52,88,72.1,50,22,14.2,9,29.9,29.8,29.7,0.1
2016,7,11,70,64.3,59,61,55.7,54,88,73.8,60,20,13.5,8,29.8,29.7,29.7,3.3
2016,7,12,66,60.2,57,57,53.3,50,94,78.3,56,15,9.5,6,30,29.9,29.8,11.2
2016,7,13,66,59.9,54,54,49.4,45,94,69.7,49,17,9.3,5,30.1,30,30,2.9
2016,7,14,70,63,55,50,47.7,45,82,59,40,12,8.1,3,30.3,30.2,30.1,0
2016,7,15,68,63.3,55,59,53,46,88,70,46,16,10.9,6,30.3,30.3,30.3,0
2016,7,16,81,71.1,64,63,60.3,59,83,69.6,51,16,12.8,10,30.3,30.2,30.2,0
2016,7,17,82,73.5,66,63,61.6,59,88,67.2,45,17,11,7,30.2,30.1,30.1,0
2016,7,18,84,74.3,64,63,57,46,88,58.1,28,13,5,0,30.2,30.1,30.1,0
2016,7,19,90,76.4,63,64,61.5,57,88,62.8,33,14,9.4,3,30.1,30,29.9,0
2016,7,20,88,76.8,66,64,60.5,54,78,58.3,33,18,12,3,29.9,29.8,29.7,0
2016,7,21,77,69.4,61,61,55,52,83,62.2,41,13,6.7,2,30,30,29.9,0
2016,7,22,77,69.8,66,61,57.9,55,83,67,47,9,5.8,2,30.1,30.1,30,0.4
2016,7,23,81,72,63,61,58.1,54,88,63.9,44,13,6.2,0,30.1,30.1,30,0
2016,7,24,75,69.3,63,63,57.9,55,88,67.8,53,15,10.5,5,30.1,30.1,30,0
2016,7,25,75,68.7,61,63,52.2,46,88,57.6,36,15,11.5,6,30.1,30.1,30,0
2016,7,26,73,67.7,61,57,53.6,50,77,61.5,46,13,8.8,5,30.2,30.1,30,0
2016,7,27,75,68.6,64,61,58.8,54,88,71.3,53,14,10.4,2,30,30,29.9,2.6
2016,7,28,73,66.3,61,61,54.9,48,83,67.6,47,15,7.7,2,30,29.9,29.8,0
2016,7,29,73,67.6,64,61,57.9,55,88,71.6,53,16,11.1,7,29.9,29.8,29.8,1.1
2016,7,30,72,67,63,59,53,48,83,62.1,43,13,6.3,2,30,29.9,29.9,0
2016,7,31,72,66,59,52,48.9,46,72,55.1,43,14,6.7,2,30,30,30,0
2016,8,1,66,62,59,55,51.1,48,88,68.9,52,13,7.9,2,30.1,30,29.9,4.6
2016,8,2,72,66.4,59,66,62.1,55,100,86.6,78,14,11,5,29.9,29.8,29.8,7.7
2016,8,3,73,68.9,63,63,57.2,54,83,67.4,50,21,15.5,10,29.8,29.7,29.7,0.2
2016,8,4,73,66.8,61,55,53.4,48,77,62.5,43,18,14.6,8,29.9,29.8,29.7,0
2016,8,5,75,67.2,59,57,52.6,48,88,61.7,38,16,9.8,7,30.2,30.1,30,0
2016,8,6,79,69,59,57,53.3,50,82,59.1,36,14,8.9,5,30.3,30.3,30.2,0
2016,8,7,81,70.8,63,63,57.5,50,83,64.3,39,23,15.6,7,30.3,30.2,30.1,0
2016,8,8,70,65.1,61,55,47.1,41,82,53.4,38,18,12.9,8,30.2,30.1,30.1,0
2016,8,9,68,61.9,55,48,44,41,72,52.7,37,15,10.2,6,30.3,30.2,30.2,0
2016,8,10,68,61.3,54,50,46.1,41,82,58.8,40,14,8.7,5,30.3,30.2,30.2,0
2016,8,11,73,66.4,61,57,54.1,50,77,65.2,50,18,13,8,30.2,30.1,30.1,0
2016,8,12,82,69.9,61,57,54.3,48,88,60.7,30,18,13.2,8,30.2,30.2,30.1,0
2016,8,13,77,68.7,61,57,54.2,50,82,61,41,17,12,5,30.2,30.2,30.1,0
2016,8,14,73,66.5,61,54,49,46,77,54.3,41,10,5.8,2,30.3,30.3,30.2,0
2016,8,15,73,64.7,57,54,52.3,50,88,65.1,44,15,9.1,2,30.3,30.2,30.2,0
2016,8,16,73,64.2,55,57,53.4,52,88,69.2,47,16,8.7,2,30.2,30.1,30,0
2016,8,17,77,66.4,57,57,54.2,52,88,66.8,41,13,7.2,3,30,29.9,29.8,0
2016,8,18,77,67,59,59,55.3,48,88,68.8,38,15,8.5,3,29.8,29.8,29.8,0
2016,8,19,68,64.1,63,61,58.8,54,88,83.3,64,15,8.2,3,29.8,29.7,29.7,0.9
2016,8,20,70,64.4,61,57,54.1,50,82,69.7,49,25,16.4,8,29.8,29.7,29.7,1.6
2016,8,21,72,65.8,61,59,54.6,48,83,68.3,43,21,16,8,30.1,30,29.8,0.4
2016,8,22,79,69.2,64,59,57.8,55,83,68.3,47,18,12.4,3,30.3,30.2,30.1,0.3
2016,8,23,86,74,59,63,57.4,50,88,59.6,35,12,6.3,0,30.3,30.2,30,0
2016,8,24,91,77.9,68,64,62,59,83,59.9,36,13,4.3,0,30.1,30,30,0.5
2016,8,25,82,75.1,66,66,63.3,61,83,67.3,51,12,4.8,0,30,29.9,29.9,0.2
2016,8,26,81,73.6,66,66,54.6,41,83,54.9,24,12,6.4,2,30.1,30,29.9,0.9
2016,8,27,77,70.3,63,64,60.1,50,88,70.5,56,21,9.3,3,30.1,30,29.8,0.1
2016,8,28,73,67.8,64,63,59.3,57,83,74.3,57,18,11.4,6,30,29.9,29.8,0.7
2016,8,29,75,67,61,61,53.9,48,88,64.7,41,9,5.1,0,30.3,30.1,30,0
2016,8,30,81,69.6,59,54,51.4,48,77,54.5,32,9,5.5,2,30.3,30.2,30.1,0
2016,8,31,75,67.8,61,59,54.5,52,77,62.6,47,16,9.9,3,30.2,30.1,30.1,0
2016,9,1,75,66.7,59,55,52.9,48,82,62.4,41,12,8.4,3,30.2,30.2,30.1,0
2016,9,2,70,64.6,61,59,56.6,54,88,75.7,64,14,11,7,30.1,30.1,30,0
2016,9,3,70,64.3,57,63,56.6,50,94,76.5,52,17,11.2,7,30,29.9,29.8,5.5
2016,9,4,68,65.7,63,63,55.5,52,88,69.5,56,22,14.3,8,30,29.9,29.8,0
2016,9,5,73,66.8,59,66,61,55,94,82.7,73,10,6.1,3,30.2,30.1,30,3.7
2016,9,6,75,71.7,66,66,64.7,61,88,79.1,69,9,6.4,3,30.2,30.2,30.2,0
2016,9,7,82,72.5,64,64,59.8,54,88,66.6,39,10,6.2,0,30.2,30,29.9,0
2016,9,8,75,68.2,61,59,53.6,48,88,61.6,38,21,11.8,2,30,29.9,29.7,0
2016,9,9,72,67.5,61,61,58,55,83,72.3,60,18,11,6,30,29.9,29.9,0
2016,9,10,72,66.1,59,63,60.1,54,94,80.5,64,16,10.1,7,30,29.9,29.8,4.2
2016,9,11,72,62.1,54,54,48.5,41,94,64.5,35,10,5.5,0,30.1,30,30,0
2016,9,12,79,69.4,57,61,56.5,50,88,64.8,47,12,7.4,2,30,29.9,29.8,0
2016,9,13,91,76.6,66,64,61.1,55,88,62.2,29,15,8.2,2,29.8,29.8,29.8,0
2016,9,14,82,74.2,68,64,60,55,83,62.7,39,13,6.5,0,29.9,29.8,29.8,0
2016,9,15,86,72.7,64,64,60.6,57,88,67.2,40,13,6.3,0,29.9,29.8,29.7,0
2016,9,16,66,63,59,63,56.1,50,94,79,59,17,11,7,30,29.9,29.8,20.6
2016,9,17,61,59.8,57,57,53.8,50,94,81.2,72,16,12.2,3,30.2,30.1,30,0
2016,9,18,66,62.9,59,57,55.3,54,94,77.4,64,8,5,0,30.2,30.1,30.1,0
2016,9,19,70,64.4,61,57,54.6,52,88,70.5,53,8,4.5,0,30.2,30.1,30.1,0.1
2016,9,20,66,62.4,59,57,55.1,52,94,78,60,7,4,2,30.1,30.1,30.1,0
2016,9,21,73,64.8,59,57,53.8,50,88,69.7,46,12,5.8,2,30.1,30,30,0
2016,9,22,68,63.4,61,59,53.2,46,82,70.3,56,12,7.3,3,30.2,30.1,30,0.1
2016,9,23,68,60.1,54,50,45.2,41,82,59.9,37,10,6.5,3,30.3,30.2,30.2,0
2016,9,24,73,66.4,57,55,52,48,77,61,41,17,10.1,3,30.2,30,29.8,0
2016,9,25,68,63.4,57,57,50.2,43,88,63.4,40,20,12.1,5,30.2,29.9,29.8,0
2016,9,26,66,59.4,55,52,49.2,46,88,69.5,49,12,6.6,2,30.2,30.2,30.1,2.8
2016,9,27,68,62.9,55,61,55.1,46,88,75.6,59,17,10,3,30.2,30.2,30.1,0
2016,9,28,75,64.3,57,61,56,52,94,75.2,56,17,13.4,9,30.3,30.2,30.1,0
2016,9,29,68,63.3,57,61,52.4,43,88,68.9,43,22,15.5,12,30,29.9,29.9,1
2016,9,30,66,59.5,55,52,47.7,45,88,66.2,49,17,10.4,5,29.9,29.9,29.8,0.7
2016,10,1,61,55.3,52,52,49.6,46,94,81.9,63,14,5.7,0,29.8,29.7,29.6,10.2
2016,10,2,63,55.9,52,48,46,41,88,71.5,48,13,7.8,0,30.3,30,29.8,0
2016,10,3,64,55.8,46,50,44.7,39,93,69,40,8,3.8,0,30.4,30.4,30.3,0
2016,10,4,64,58.9,52,54,51.4,50,94,77.2,59,23,13.2,0,30.4,30.4,30.4,0
2016,10,5,61,57.4,54,50,44.4,41,77,62.1,48,25,17.7,8,30.4,30.4,30.4,0
2016,10,6,59,55.9,54,46,41.9,37,72,59.3,45,20,11.9,6,30.4,30.3,30.2,0
2016,10,7,59,56.9,55,52,48.8,45,88,74.3,63,12,6.9,3,30.2,30.2,30.1,0
2016,10,8,61,56.9,54,54,49.5,46,88,76.4,59,10,5.7,3,30.3,30.3,30.2,0
2016,10,9,59,53.7,48,46,44.8,41,87,71.9,51,13,6.5,3,30.3,30.3,30.3,1.8
2016,10,10,57,50.4,46,45,43.1,39,87,75.7,54,12,5.5,0,30.3,30.3,30.2,0.2
2016,10,11,61,51.8,45,46,43.9,41,93,74.9,52,13,4.7,0,30.2,30.2,30.1,0.2
2016,10,12,59,54.5,50,48,47,43,94,77.4,55,15,8.7,0,30.2,30.1,30,1.1
2016,10,13,57,52.4,48,48,45.1,43,94,76.4,63,20,10.9,6,30,29.9,29.8,5.3
2016,10,14,59,53.6,48,46,45.5,45,87,74.8,63,15,6.7,2,29.8,29.7,29.6,0
2016,10,15,63,55.9,52,52,48.7,45,88,78.5,55,12,5.4,0,29.9,29.7,29.6,7.6
2016,10,16,63,57.3,50,55,52,48,94,82.7,68,16,9.1,3,30,29.9,29.8,10.6
2016,10,17,64,57.4,52,52,49.7,46,88,76.1,55,16,9.1,3,30.1,30,30,1.3
2016,10,18,57,53.7,50,48,42.6,36,88,68.1,47,22,15.1,8,30.1,30.1,30,0
2016,10,19,57,53.6,50,45,44.1,41,76,70,55,16,11.4,7,30.1,30.1,30.1,0
2016,10,20,57,53.3,50,48,46.3,45,88,78.2,63,14,8.7,6,30.1,30.1,30.1,0
2016,10,21,57,51.8,48,46,45.9,45,87,81.3,63,10,7.6,3,30.1,30.1,30,0
2016,10,22,57,50.7,46,46,44.7,41,93,79.6,55,10,4.8,2,30,30,29.9,0
2016,10,23,55,50.5,45,45,44.1,43,93,78.1,63,17,8.3,0,29.9,29.9,29.8,0
2016,10,24,57,53.1,50,46,45.1,43,82,74.2,63,10,6.8,3,30,29.9,29.8,0
2016,10,25,57,53.4,50,50,47,45,94,79.4,67,6,2.9,0,30.3,30.2,30,0.4
2016,10,26,63,56.4,50,52,50.5,48,94,81.7,59,14,7.5,0,30.4,30.3,30.3,0
2016,10,27,61,55.4,50,50,48.3,46,94,78.8,59,16,10.8,7,30.5,30.4,30.4,0
2016,10,28,63,58.3,54,54,50.4,48,88,75.2,68,15,7.9,0,30.6,30.5,30.4,0
2016,10,29,61,57.4,52,54,52.9,50,94,84.5,72,5,1.6,0,30.6,30.5,30.5,0
2016,10,30,55,52.1,48,54,50.5,48,100,94.4,88,8,2.9,0,30.5,30.4,30.4,0
2016,10,31,63,55,50,54,51.7,50,100,89.2,68,7,4.1,0,30.3,30.3,30.3,0
2016,11,1,55,50.8,46,50,46.6,39,100,86.3,67,12,5.3,0,30.3,30.2,30.2,0
2016,11,2,52,46.5,43,39,36.7,34,87,70.3,50,10,6,0,30.3,30.2,30.2,0
2016,11,3,54,46.3,39,41,37.4,34,87,71.9,50,12,6.2,3,30.2,30.1,30,0.2
2016,11,4,54,48.9,45,46,42.9,41,93,79.5,71,9,5.9,0,30,29.8,29.7,7.2
2016,11,5,50,44.7,41,41,36.7,32,93,74.6,57,15,10.6,6,29.7,29.7,29.6,0
2016,11,6,46,42.2,37,39,34.1,30,93,73.8,61,16,11.8,9,29.7,29.7,29.6,2.2
2016,11,7,48,44.2,39,39,37.1,34,87,76.8,66,15,10.8,3,29.9,29.8,29.7,0
2016,11,8,45,40.5,37,37,32.7,30,87,74.1,57,10,7,3,29.9,29.8,29.5,1.1
2016,11,9,48,45.6,41,45,41.5,37,93,85.2,71,20,11.9,3,29.7,29.5,29.4,20.8
2016,11,10,52,46.5,43,43,39.9,39,93,78.4,66,15,11.3,6,29.9,29.7,29.7,0
2016,11,11,52,45.3,41,39,36.9,34,87,74.3,50,10,5.8,0,30.2,30.1,29.9,0
2016,11,12,52,48.7,45,50,44.4,39,100,85.8,71,12,6.6,0,30.1,30,29.9,10.5
2016,11,13,52,47.5,45,46,42.9,41,93,83.4,71,12,5.3,0,30.4,30.3,30.1,0
2016,11,14,55,51.2,45,52,47.1,41,88,85.3,76,14,8.9,3,30.4,30.4,30.3,0.9
2016,11,15,61,57.5,55,55,54,52,94,87.4,77,14,10.4,7,30.3,30.2,30.1,0.5
2016,11,16,57,55.4,50,54,49.2,45,88,79.8,67,21,14.2,8,30.1,29.9,29.8,0.9
2016,11,17,57,50.1,46,45,40.8,37,82,70.3,59,31,13.9,8,29.8,29.5,29.3,0.7
2016,11,18,46,43.4,41,37,34.8,32,81,71.5,61,22,12,6,29.5,29.4,29.3,0
2016,11,19,46,42.2,39,43,36.4,34,93,79.7,62,15,10.2,6,29.6,29.5,29.2,2.2
2016,11,20,50,45.9,43,48,41.4,37,100,84.8,76,21,12.6,2,29.4,29.1,28.6,19.2
2016,11,21,57,50.1,43,52,45.8,41,100,86.3,67,18,10.4,3,29.3,29.2,29.1,15
2016,11,22,54,50.9,46,46,43.2,41,87,74.8,62,21,12.3,0,29.9,29.5,29.2,0.8
2016,11,23,52,48.3,45,46,43.7,41,93,83.8,71,14,6.5,0,30.1,30,29.9,0
2016,11,24,52,50.2,46,46,43.2,39,87,76.8,71,20,14,10,30.2,30.2,30.1,0
2016,11,25,54,47,43,39,37,30,87,70.3,41,17,9.9,5,30.2,30.1,30.1,0
2016,11,26,48,43.4,37,41,39.1,36,93,85.2,71,12,4.8,0,30.2,30.1,30.1,0
2016,11,27,48,45.5,41,43,38.6,34,93,77.7,62,13,6.5,0,30.3,30.2,30.2,0.2
2016,11,28,48,44.1,36,37,32.7,27,87,64.5,46,20,10.1,2,30.5,30.4,30.3,0
2016,11,29,45,37.7,34,34,30.2,27,87,76.6,49,10,3.9,0,30.6,30.5,30.5,0
2016,11,30,45,37,30,32,28.8,25,93,73.5,60,10,6.7,0,30.6,30.5,30.5,0
2016,12,1,46,40,34,39,31.5,21,87,73,56,10,7.7,5,30.5,30.4,30.3,0
2016,12,2,46,44.4,41,43,40,37,93,84.8,81,7,4.1,1,30.3,30.3,30.3,0.4
2016,12,3,48,43.9,41,41,36.5,32,93,75.8,57,21,8.3,0,30.3,30.3,30.3,0
2016,12,4,46,40.3,36,36,34,30,93,78,57,20,8.6,1,30.3,30.2,30.2,0
2016,12,5,45,38.6,32,39,35.8,32,100,90.5,81,8,4.2,0,30.3,30.2,30.2,0
2016,12,6,52,45,37,48,43,37,100,93.5,87,8,3.9,0,30.3,30.3,30.3,0
2016,12,7,57,53.7,48,50,48.5,46,100,83.3,72,12,7.7,0,30.3,30.3,30.3,0
2016,12,8,57,55,52,54,50,46,94,83.5,77,17,10.2,5,30.3,30.3,30.2,0
2016,12,9,59,55.5,52,54,51.3,48,94,85.4,77,14,8.8,5,30.3,30.3,30.2,0
2016,12,10,57,54.1,48,54,51.1,43,94,89.2,82,18,9.3,6,30.2,30.1,30,6.6
2016,12,11,52,46.4,43,45,42.8,41,93,86.5,71,13,9.3,6,30.3,30.2,30.1,0
2016,12,12,54,47,39,50,44.4,39,100,91.3,82,12,6.7,1,30.3,30.2,30.1,0.8
2016,12,13,57,52.7,46,54,50.2,46,100,90.6,82,10,6.2,1,30.1,30.1,30.1,0.3
2016,12,14,57,50.5,45,50,45.8,41,100,84.9,67,12,6.2,2,30.1,30.1,30.1,0
2016,12,15,52,48.1,45,48,45.3,43,93,89.3,82,10,7.4,5,30.1,30.1,30,0
2016,12,16,52,49.1,48,46,45.9,45,93,89.1,82,8,5,1,30.5,30.3,30.1,0
2016,12,17,48,45.4,43,46,44.5,41,100,95.9,87,9,3.9,0,30.7,30.6,30.5,0.2
2016,12,18,48,46.4,45,46,44.4,41,100,90.7,82,7,4.1,0,30.7,30.6,30.4,0
2016,12,19,46,45.1,43,43,41.8,39,93,88.4,81,9,4.6,1,30.4,30.3,30.2,0
2016,12,20,45,43.4,41,41,37.3,36,87,80,71,10,7,2,30.2,30.1,30,0
2016,12,21,54,50.7,43,50,45.4,36,94,83.2,72,17,10.8,3,30.2,30.1,30,0.2
2016,12,22,52,46.9,41,46,40.7,36,100,80,54,14,7.8,3,30.4,30.3,30.2,0
2016,12,23,54,49.9,45,50,45.3,43,94,84.4,72,22,13.4,5,30.4,30.3,30.1,0.9
2016,12,24,52,48.3,45,45,40.7,37,87,75.2,66,22,15.5,10,30.3,30.3,30.2,0
2016,12,25,57,54.4,52,52,48.2,45,88,79.2,76,23,17.1,12,30.2,30.2,30.2,0
2016,12,26,55,46.9,41,50,37.6,32,93,70.2,54,22,13.7,7,30.7,30.4,30.1,1.1
2016,12,27,45,39.5,36,37,34.4,32,93,81.9,70,9,4.6,0,30.8,30.8,30.7,0
2016,12,28,41,35.9,32,41,35.2,32,100,97.2,93,8,4.5,0,30.8,30.8,30.7,0
2016,12,29,48,38.9,34,41,36,32,100,89.9,71,7,3.6,1,30.7,30.6,30.6,0
2016,12,30,41,37.8,32,39,37.4,32,100,98.7,93,8,5.7,0,30.6,30.6,30.6,0
2016,12,31,48,45.4,41,45,43.1,41,100,91,82,14,8.3,3,30.5,30.4,30.2,0
2017,1,1,50,44.7,41,46,41.4,37,93,88.3,81,17,8.7,5,30.2,30.1,29.9,7.4
2017,1,2,43,38.6,34,37,34,30,93,83.1,70,10,7,2,30.4,30.3,30.2,0
2017,1,3,43,38.2,32,36,32.8,30,93,81.2,70,17,11.9,6,30.4,30.3,30.2,0
2017,1,4,46,42.3,37,41,34.6,30,87,74.8,61,16,9.9,5,30.4,30.3,30.2,0.1
2017,1,5,43,37.4,34,36,31.4,28,100,80,70,8,3.1,0,30.6,30.5,30.4,0
2017,1,6,46,39.6,32,43,35.9,30,100,87.7,66,13,6.3,1,30.6,30.6,30.5,2.9
2017,1,7,52,48.1,45,48,46.8,43,100,95.3,88,13,5.8,0,30.5,30.4,30.4,2.1
2017,1,8,52,49.1,48,48,46.5,46,100,91.4,82,9,4.2,0,30.5,30.4,30.4,0.9
2017,1,9,52,48.1,41,48,44.2,37,94,86.8,76,18,11.5,5,30.4,30.1,29.8,5
2017,1,10,48,45.3,41,45,39.6,37,93,80.6,71,15,11.8,7,29.9,29.8,29.8,0
2017,1,11,54,48.6,45,48,38.6,30,94,69.5,50,24,16.7,9,30,29.8,29.7,0
2017,1,12,46,42.2,34,41,36,30,100,79.5,66,20,12,1,29.9,29.6,29.3,15.9
2017,1,13,43,38.9,36,34,30.7,28,87,72.9,57,28,17.7,12,30,29.8,29.5,0.5
2017,1,14,41,38.5,36,36,33.2,28,87,80.8,70,21,10.8,6,30.2,30.1,30,0.5
2017,1,15,48,43.1,37,46,41,34,100,91,81,12,7.5,2,30.2,30.2,30.1,8.2
2017,1,16,43,41.4,39,43,38.1,36,100,88.6,76,10,4.6,1,30.5,30.3,30.2,4.5
2017,1,17,41,37.7,32,37,31.8,25,93,80.3,53,8,4.5,1,30.6,30.6,30.5,0
2017,1,18,41,35.4,30,32,28.6,25,100,77.5,53,7,3.1,1,30.7,30.6,30.6,0
2017,1,19,45,37.3,32,34,31.4,28,93,80.7,61,13,4.6,0,30.6,30.6,30.6,0
2017,1,20,45,37,30,34,30.2,27,93,78.7,49,16,6,0,30.6,30.5,30.4,0
2017,1,21,41,34.3,30,32,27.1,21,93,76.6,49,15,5.1,0,30.4,30.3,30.3,0
2017,1,22,43,33.9,27,36,30.5,27,100,87,70,6,3.3,1,30.4,30.3,30.3,0
2017,1,23,41,35.2,27,37,33.1,25,100,92.5,81,7,4.4,0,30.4,30.3,30.3,0
2017,1,24,50,42.4,36,39,37.2,34,93,82.2,66,9,5.7,0,30.4,30.3,30.3,0
2017,1,25,39,34.9,32,37,33.7,30,100,95.6,93,13,5.6,2,30.4,30.3,30.3,0
2017,1,26,32,31.8,30,28,27.2,25,93,83,75,13,10.3,7,30.3,30.1,30,0
2017,1,27,45,38.6,30,39,34.3,28,93,85.8,76,14,7.7,3,30,29.8,29.8,0
2017,1,28,50,46.5,43,45,39.3,37,87,76.3,62,21,10.8,3,29.9,29.8,29.7,0
2017,1,29,50,45.6,39,50,41.8,37,100,86.6,76,16,9.4,3,30,29.9,29.7,14
2017,1,30,52,45.9,43,50,43.2,41,100,90.4,81,16,8.8,1,29.9,29.8,29.7,0.4
2017,1,31,46,43.7,41,46,42.4,39,100,94.6,87,16,10.4,3,29.9,29.9,29.8,6.3
2017,2,1,54,51.2,46,50,48.5,46,100,91.8,82,16,8.3,5,29.8,29.7,29.6,1.7
2017,2,2,54,52.8,50,48,46.9,45,94,82.4,76,17,13.3,8,29.6,29.4,29.3,0.5
2017,2,3,52,48.9,43,45,42.2,37,87,77.6,67,26,14.9,8,29.4,29.4,29.2,2
2017,2,4,50,43,39,41,38.5,37,100,85,66,8,4.4,0,29.5,29.4,29.4,0.7
2017,2,5,45,41.6,37,41,38.5,37,100,89.7,81,10,7.2,3,30,29.6,29.4,0.7
2017,2,6,48,42.4,37,39,37.3,36,93,82.5,62,12,6.6,1,30.1,30,29.9,6.1
2017,2,7,52,45.5,41,45,40.5,37,100,84.1,58,13,6.2,1,30.1,29.9,29.8,1.5
2017,2,8,43,39.8,37,41,35.6,32,100,85.3,75,12,6.6,2,30.4,30.3,30.1,0
2017,2,9,37,36.5,36,36,32.8,32,100,86.5,81,13,9,6,30.4,30.3,30.2,0.1
2017,2,10,37,36.2,36,36,33.2,30,100,89.8,75,13,8.7,6,30.2,30.2,30.2,0.2
2017,2,11,37,36.1,34,36,33,30,93,88.6,81,12,8.8,6,30.2,30.2,30.1,1.7
2017,2,12,43,38.7,36,39,35.8,32,93,88.9,81,20,12.5,8,30.2,30.2,30.1,0.4
2017,2,13,48,42.9,41,39,37.5,36,93,82.7,66,24,18.3,13,30.2,30.2,30.1,0
2017,2,14,52,45.4,39,45,39.1,34,87,78.2,67,17,10.2,3,30.3,30.2,30.1,0
2017,2,15,54,49.2,45,48,45.8,45,100,87.4,82,13,7.8,2,30.4,30.3,30.3,1.1
2017,2,16,54,48.8,45,45,42.9,39,93,80.2,62,15,9.8,5,30.4,30.4,30.3,0.6
2017,2,17,55,49.8,45,45,43.4,41,93,78.5,58,13,6.8,2,30.3,30.3,30.3,0
2017,2,18,55,47.8,45,45,42,39,93,80.9,62,10,7.2,5,30.3,30.3,30.2,0
2017,2,19,54,49,43,48,43.3,39,94,81.7,67,13,9.9,7,30.2,30.2,30.1,0.2
2017,2,20,64,55.8,50,54,50.1,48,94,81.9,64,20,13,8,30.1,30,30,0
2017,2,21,57,54.2,52,50,49,46,94,83.3,72,21,14.8,7,30,30,29.8,0
2017,2,22,57,54.9,52,52,48.9,46,94,81.3,72,25,19.8,13,29.8,29.7,29.7,0.5
2017,2,23,54,50.7,43,48,39.9,32,88,67.8,47,40,26.9,17,29.8,29.4,29.3,3
2017,2,24,50,44.8,41,36,32.1,30,76,62,47,17,11.3,6,30.1,30,29.8,0
2017,2,25,52,48.9,45,45,42.7,32,87,78.7,61,21,14.4,8,30,29.9,29.8,0.3
2017,2,26,55,52.2,50,48,46.1,43,94,81.1,67,23,16.2,10,29.8,29.7,29.5,2.5
2017,2,27,50,46.4,41,48,41.1,34,94,81.1,66,23,13.5,9,29.5,29.2,29,9.1
2017,2,28,48,42.2,37,39,35.2,30,87,76.3,53,21,14.1,6,29.3,29.2,29,1
2017,3,1,50,46.3,43,43,39,36,87,76.1,62,28,13,8,29.5,29.4,29.4,4
2017,3,2,54,47.6,43,39,33.3,21,81,59.1,30,28,18.5,7,29.9,29.8,29.5,0
2017,3,3,52,48.7,45,46,42.9,39,87,80.4,76,14,10,3,29.8,29.5,29.2,1.8
2017,3,4,54,49.2,46,46,41.3,36,93,74.7,51,17,10.8,2,29.3,29.2,29.2,0
2017,3,5,52,46.3,43,43,39,37,87,76.6,58,29,15.9,8,29.4,29.3,29.1,10
2017,3,6,52,46.6,41,39,36.8,32,87,70.2,50,20,12.7,6,29.9,29.6,29.4,0
2017,3,7,52,47.1,43,43,37.6,34,87,70.6,50,14,9.2,5,30,30,29.9,0
2017,3,8,59,53,48,52,48,43,94,83.6,67,18,11.3,5,30,29.9,29.8,0
2017,3,9,61,55.3,46,50,43,34,94,65.9,36,20,11.4,3,30.3,30.1,30,0
2017,3,10,55,50.4,45,48,45,37,88,82.6,76,10,7,5,30.3,30.3,30.2,0
2017,3,11,64,55.6,50,50,48.3,46,88,78.4,56,9,5.3,2,30.2,30,30,0
2017,3,12,57,52.9,48,50,46.8,45,93,79.4,63,12,5.7,1,30.2,29.9,29.9,2
2017,3,13,59,53,46,46,40.7,34,82,64.2,41,13,7.9,3,30.5,30.3,30.2,0
2017,3,14,59,53.7,46,50,47,45,93,79.3,63,16,10.8,6,30.5,30.4,30.4,0
2017,3,15,64,55.7,48,50,46.7,43,100,74.5,45,9,6.2,3,30.5,30.5,30.4,0
2017,3,16,59,52.9,48,48,45.4,43,87,76,67,17,9.9,3,30.3,30.2,30,0
2017,3,17,54,49.9,45,45,38.4,34,76,64.8,54,28,17,8,30.1,30,29.8,0
2017,3,18,61,55.8,52,52,49.8,46,94,81,68,24,19.4,14,29.9,29.8,29.7,0
2017,3,19,61,56.4,55,50,47.7,45,82,72.8,55,26,19.8,13,29.8,29.8,29.7,0
2017,3,20,57,53.1,46,50,46.9,39,94,80.2,67,31,17,10,29.7,29.6,29.6,2.8
2017,3,21,54,47.8,43,41,33.4,27,81,59.4,35,22,15.2,8,29.8,29.8,29.7,0
2017,3,22,50,46.3,43,43,39.4,36,93,77,66,20,11.8,3,29.8,29.7,29.6,7
2017,3,23,52,48.3,45,45,41.3,37,93,77.4,58,28,15.4,3,30.2,30,29.8,2.1
2017,3,24,55,48.2,45,45,41.8,39,87,78.5,58,21,13.6,7,30.5,30.4,30.2,0
2017,3,25,57,49.3,41,39,30.9,21,87,54.1,26,28,13.6,5,30.5,30.4,30.3,0
2017,3,26,57,49.7,43,43,39.9,28,87,69.7,53,23,13.8,6,30.3,30.2,30.2,0
2017,3,27,57,49.3,45,46,43.9,41,93,81.9,63,14,9.8,2,30.2,30.2,30.1,0
2017,3,28,64,53.3,43,48,45.4,43,100,77.3,52,21,10.3,2,30.1,30.1,30.1,0.4
2017,3,29,61,56.8,54,52,49.9,48,88,77.8,68,18,12.9,6,30.2,30.1,30.1,0.3
2017,3,30,72,63,55,50,46.4,45,77,56.3,40,16,9.5,3,30.1,30.1,29.9,0
2017,3,31,63,58.4,52,50,45.2,41,77,62.1,48,18,11.4,6,29.9,29.8,29.8,0
2017,4,1,61,54.9,50,45,44,41,82,66.7,51,15,9.9,6,30,29.8,29.7,0
2017,4,2,61,54,48,45,42.8,39,87,66.8,45,10,5.2,0,30.3,30.1,30,0
2017,4,3,64,53.5,45,46,44.2,39,100,73.1,42,14,8.5,3,30.3,30.3,30.2,0
2017,4,4,59,53.6,50,50,47.6,45,94,80.6,67,13,7.3,3,30.4,30.3,30.2,0
2017,4,5,57,51.8,45,45,39.8,37,87,64.8,51,13,8.2,5,30.5,30.4,30.4,0
2017,4,6,64,54.7,45,45,40.8,37,81,61.1,40,8,4.5,0,30.5,30.4,30.3,0
2017,4,7,63,54.5,46,45,42.3,39,76,63.9,48,9,4.8,1,30.4,30.3,30.3,0
2017,4,8,70,56.9,43,46,44.3,41,93,66,37,9,4.8,1,30.3,30.2,30.1,0
2017,4,9,77,62.4,48,50,45.5,41,87,57.9,28,20,10.9,3,30.2,30.1,30,0
2017,4,10,57,53.4,50,45,38,34,76,56.2,44,14,10.5,6,30.3,30.3,30.1,0
2017,4,11,61,53.5,46,41,38.3,37,71,57.8,42,17,10.3,6,30.4,30.3,30.2,0
2017,4,12,63,54.1,46,45,41.9,39,81,64.3,45,18,14,8,30.2,30.1,30,0
2017,4,13,57,52.5,48,39,37,34,71,56.4,41,15,9.9,6,30.1,30,30,0
2017,4,14,59,55,50,46,40.3,34,77,58.2,48,17,12.7,6,30,30,30,0
2017,4,15,59,54.1,50,48,37.5,32,82,55.2,36,21,13.7,9,30.2,30,30,0
2017,4,16,59,53.4,48,46,39.6,36,77,60.6,44,17,12.6,6,30.2,30.1,30.1,0
2017,4,17,54,50.4,46,43,38.8,34,82,65.5,47,14,8.3,3,30.3,30.2,30.1,0.4
2017,4,18,54,48.5,43,39,34.1,28,76,59.7,38,17,9.8,1,30.6,30.4,30.3,0
2017,4,19,55,47.7,39,36,32.1,28,81,56.8,36,15,7.5,2,30.6,30.6,30.6,0
2017,4,20,61,53.5,43,48,39.3,32,77,59,48,14,8.6,3,30.6,30.6,30.5,0
2017,4,21,59,55.8,52,48,44,41,88,65.8,51,15,9.4,5,30.5,30.4,30.4,0
2017,4,22,59,53.1,48,46,42.5,36,93,68.8,42,23,9.5,3,30.4,30.4,30.3,0
2017,4,23,59,52.8,48,45,39.2,34,87,60.8,42,13,8,3,30.3,30.3,30.1,0
2017,4,24,57,51.7,43,46,40.7,25,87,66.8,43,18,11.5,7,30.1,30,29.8,0.4
2017,4,25,52,44.1,39,34,27.9,21,81,55,32,16,10.4,7,30,29.9,29.9,0
2017,4,26,48,42.8,39,39,35.5,32,87,75,57,16,9,2,30.1,30,30,1
2017,4,27,52,46.3,37,43,36.6,28,87,70.2,43,15,9.1,2,30.1,30.1,30,1.1
2017,4,28,57,51.8,48,43,39.8,36,82,65.1,44,12,5.9,2,30,30,30,0
2017,4,29,61,53.9,46,43,39.1,36,82,59.1,39,18,9.6,3,30,29.9,29.8,0
2017,4,30,63,56.7,50,48,40.5,36,82,56.3,37,23,15.8,8,29.8,29.6,29.4,0
2017,5,1,55,52,50,48,45.5,43,94,79.3,63,17,10.3,5,29.9,29.7,29.5,4.9
2017,5,2,63,53.9,46,48,44.7,41,93,72.4,48,13,7.7,2,30.2,30.1,30,0
2017,5,3,52,49.9,46,48,44.8,43,88,82.3,71,15,10.4,5,30.2,30.1,30.1,2.5
2017,5,4,55,52.3,50,48,45.3,43,94,77.2,63,16,11.5,7,30.2,30.2,30.1,0
2017,5,5,59,52.7,48,46,42.3,36,87,68.4,42,25,16.6,8,30.2,30.1,30,0
2017,5,6,59,54,50,46,45.8,45,87,74.9,59,17,11.4,6,30,29.9,29.9,0
2017,5,7,63,53.7,48,45,44.2,43,87,70.4,48,12,8,3,30.2,30.1,30,0
2017,5,8,54,50.2,46,43,41,37,82,70.7,66,14,10.1,5,30.3,30.3,30.2,0
2017,5,9,55,50.3,45,43,38.1,36,81,64.1,47,14,7.3,1,30.3,30.1,30,0
2017,5,10,61,52.1,46,45,41,37,82,66.6,48,17,10,3,30,29.8,29.6,0
2017,5,11,66,57.2,46,52,46.1,43,93,68.6,43,17,11.5,3,29.6,29.4,29.3,1
2017,5,12,66,59.7,55,55,52.5,48,94,77.2,56,16,10.5,5,29.6,29.4,29.3,1.4
2017,5,13,63,57.1,55,52,49.3,46,88,75.8,55,15,10,7,29.8,29.7,29.6,0
2017,5,14,68,61.4,54,48,43.7,39,72,53.5,35,22,11,2,30.3,30.1,30,1.8
2017,5,15,66,60.3,54,57,51.7,43,88,74.1,60,17,10.4,3,30.3,30.2,30.2,1.1
2017,5,16,75,67.8,63,59,56.6,54,88,68.8,50,20,11.3,3,30.2,30.2,30.2,0
2017,5,17,66,61.1,55,61,58.4,54,100,91.5,83,12,6,1,30.2,30,29.9,35.6
2017,5,18,64,55.9,52,52,48,43,94,77,48,12,6.5,2,29.9,29.9,29.8,15
2017,5,19,61,54.5,52,50,46,41,94,74.4,52,15,9.2,3,29.9,29.9,29.8,1
2017,5,20,61,55.6,48,48,45.1,41,88,69,51,17,11.3,6,30.2,30,29.9,1.5
2017,5,21,68,59.8,50,50,46.7,43,94,64.7,40,14,9,5,30.3,30.2,30.1,0
2017,5,22,75,65.4,54,52,49,45,94,59.5,34,14,9.5,5,30.1,30,29.9,0
2017,5,23,70,64.6,57,57,53.6,50,77,67.8,56,13,9.7,6,30.2,30.1,30,0
2017,5,24,79,68.9,59,57,55,52,88,63.1,42,9,5.3,2,30.3,30.3,30.2,0
2017,5,25,75,67.7,59,57,54.8,45,88,64.9,43,21,9.7,1,30.3,30.2,30.2,0
2017,5,26,79,67.4,55,57,55.1,52,94,66.7,44,23,13.6,7,30.1,30,29.9,0
2017,5,27,75,67,61,63,56.2,52,88,69.5,56,22,11.8,5,30,29.9,29.9,0
2017,5,28,75,65.4,57,61,54.7,48,88,70.1,38,15,6.4,2,30.1,30,29.9,4.1
2017,5,29,73,65.8,59,63,59.8,55,94,81.4,65,16,9,3,30,29.9,29.8,16
2017,5,30,68,65,61,59,54.5,50,88,68.8,52,18,13.3,8,30.1,30,29.9,0
2017,5,31,73,65.4,59,59,55.3,52,88,71.1,50,13,6.5,2,30.2,30.1,30.1,0
2017,6,1,77,68.3,57,55,52.5,50,88,58.9,39,14,6.9,2,30.2,30.1,30,0
2017,6,2,77,66.8,61,63,57.9,52,88,73.5,50,22,4.6,1,30,30,29.9,5.3
2017,6,3,70,64.7,59,61,50.3,41,88,62.2,37,17,11.1,1,30,29.9,29.9,0.3
2017,6,4,66,60.5,54,52,47.1,43,82,62.9,45,16,12.8,8,30,30,29.9,0
2017,6,5,66,59.7,55,54,50.3,48,88,71.5,52,22,14.8,7,29.9,29.7,29.3,2.8
2017,6,6,63,56.4,52,55,48,43,94,74.9,48,35,22.4,12,29.6,29.4,29.1,17.5
2017,6,7,68,59.9,54,54,46.4,43,88,62.8,43,28,20,10,29.9,29.8,29.6,1.3
2017,6,8,66,62.1,57,57,53.4,50,88,73.3,59,21,14.7,6,29.9,29.8,29.7,1
2017,6,9,70,62.6,57,55,52.4,48,88,69.9,49,21,13.1,8,30,29.8,29.7,0.8
2017,6,10,73,66.3,59,57,53.6,48,82,64.8,43,20,13,6,30,30,30,0
2017,6,11,73,66.5,59,59,52.8,45,88,62.9,41,23,15.4,7,30,29.9,29.9,0
2017,6,12,68,61.9,55,50,48.8,46,77,62.7,49,20,15.2,8,30.1,30,30,0
2017,6,13,75,65.2,54,57,51.4,48,88,62.3,44,12,6.2,2,30.1,30.1,30,0
2017,6,14,77,67.8,59,57,53.7,50,82,61.4,41,20,10.3,2,30.1,30,29.9,0
2017,6,15,77,67.9,59,57,51.8,45,82,58.3,38,24,14.6,0,30.1,29.9,29.9,0
2017,6,16,75,66.6,57,59,52.4,48,77,60.9,47,16,12.2,6,30.3,30.2,30.1,0
2017,6,17,86,74.6,63,64,60.1,57,88,62.3,42,12,7.2,3,30.3,30.3,30.2,0
2017,6,18,88,78.4,68,64,60.8,59,73,55.9,38,14,6.2,0,30.3,30.2,30.1,0
2017,6,19,86,77,66,64,61.4,57,88,60.1,40,14,7.6,3,30.2,30.1,30,0
2017,6,20,84,72.9,64,63,61.3,59,88,68.2,42,20,10.7,3,30.1,30,30,0
2017,6,21,86,75.1,63,68,63.5,59,94,69,48,16,10.9,3,30,29.9,29.8,0
2017,6,22,77,72.2,66,63,59,57,73,63.5,53,23,14.7,7,29.9,29.9,29.8,0
2017,6,23,77,67.5,59,57,53.8,50,82,62.4,44,21,16.4,10,30,30,29.9,0
2017,6,24,73,67.5,63,63,58.6,55,88,73.5,57,17,14.2,9,30,29.9,29.8,0
2017,6,25,73,66.2,61,57,54.4,48,82,66.8,50,23,15.2,8,29.9,29.9,29.8,0
2017,6,26,73,65.4,57,52,46.3,43,72,51.4,33,17,8.8,2,30,29.9,29.9,0
2017,6,27,70,64.1,59,61,56.1,48,100,76.6,59,20,11.7,3,29.9,29.7,29.5,18.5
2017,6,28,63,60.1,57,59,55.5,50,100,85.3,77,12,7.5,3,29.5,29.4,29.4,4.6
2017,6,29,64,60.9,55,52,51.2,50,82,70.3,63,15,9.3,5,29.5,29.4,29.3,0
2017,6,30,70,65.9,61,59,54,52,88,65.8,53,14,7.1,1,29.8,29.6,29.5,0
2017,7,1,72,64.9,59,57,53.4,48,88,67.2,46,15,11,7,30,30,29.8,0
2017,7,2,73,67.4,61,59,49.5,46,88,55.1,38,14,9.3,3,30.2,30.1,30,0
2017,7,3,75,68.1,61,57,54.2,50,77,62,44,17,12.1,8,30.1,30.1,30.1,0
2017,7,4,75,69,61,57,55.2,54,82,62.7,47,12,7.2,1,30.1,30.1,30,0
2017,7,5,81,71.6,63,61,56.2,54,77,60,42,16,8.2,2,30.1,30,30,0
2017,7,6,84,73.9,66,66,61.2,55,83,65.4,51,16,11.1,1,30,29.9,29.8,0
2017,7,7,84,75.8,68,63,56.6,50,73,52.8,32,16,10.4,6,30,30,29.9,0
2017,7,8,81,70.8,64,63,55,46,88,60.4,30,15,8.7,3,30.1,30,30,0
2017,7,9,81,72.3,64,61,56.5,52,88,59.7,39,12,7.5,5,30,29.9,29.8,0
2017,7,10,79,71.1,64,59,54.8,48,78,57.5,36,16,11.3,6,29.8,29.8,29.7,0
2017,7,11,70,62.8,59,59,55.2,52,100,77,56,17,10.7,5,29.8,29.8,29.7,29.7
2017,7,12,70,63.4,59,61,53.2,46,100,72.1,43,15,9.4,2,30.2,30,29.6,9.9
2017,7,13,72,65.3,57,52,48.6,45,77,56.3,40,13,6.4,2,30.2,30.1,30,0
2017,7,14,70,65.1,61,57,50.4,45,82,60.4,43,16,10.2,2,30.2,30.1,30,0
2017,7,15,72,66.2,61,63,56.7,50,88,71.5,59,16,11.1,5,30.2,30.1,30.1,0
2017,7,16,77,71.3,66,66,62.7,59,88,74.5,61,15,10.3,3,30.2,30.2,30.1,0
2017,7,17,79,68.9,61,59,52,46,83,56.4,32,14,8.1,3,30.3,30.2,30.1,0
2017,7,18,77,70.3,63,61,57.5,52,83,65.2,44,24,15.8,7,30.1,30,29.8,1
2017,7,19,75,69.7,66,66,62.9,59,94,79.5,69,20,11.6,5,29.8,29.7,29.6,4.8
2017,7,20,70,65.4,59,63,54.9,43,94,70.4,40,21,12.7,5,29.8,29.7,29.6,0.5
2017,7,21,72,65.3,57,57,51.3,48,88,61.7,46,17,12.2,2,29.8,29.8,29.7,3.5
2017,7,22,66,60,57,59,54.7,52,94,82.7,60,14,7.8,3,29.8,29.8,29.7,9.2
2017,7,23,66,60.4,55,57,54.4,50,94,80.7,59,18,9.5,2,29.9,29.8,29.8,0.2
2017,7,24,63,61.2,57,59,55.6,54,94,83.2,72,15,9.7,5,30,29.9,29.8,2.2
2017,7,25,72,64.9,59,55,54.2,52,88,69.3,50,14,8,5,30,30,29.9,0
2017,7,26,72,65.5,61,63,58.8,52,94,79.2,68,21,11.8,3,29.9,29.7,29.6,0.6
2017,7,27,70,63.2,59,59,54.1,52,82,72.5,53,17,12.7,8,29.8,29.7,29.7,2.2
2017,7,28,70,63.8,59,61,55.2,52,88,73.7,53,23,15,8,29.8,29.8,29.7,0
2017,7,29,70,64.7,63,63,57.3,52,94,77.5,53,17,10.3,3,29.8,29.7,29.6,7.4
2017,7,30,70,64.2,61,63,54.6,50,94,72.3,49,20,12.5,5,29.8,29.7,29.5,17.8
2017,7,31,72,65.3,59,55,52,50,88,63.6,46,15,11.6,7,29.9,29.8,29.8,0
2017,8,1,73,65.2,57,55,52.5,48,88,65,44,17,10.9,5,30,29.9,29.9,0
2017,8,2,68,64.3,61,63,58.2,54,88,80.6,60,20,12,6,30,29.9,29.7,8.6
2017,8,3,70,66.2,61,63,56.1,55,88,71,60,28,17.9,9,29.8,29.7,29.7,0
2017,8,4,72,66,61,55,54,52,77,65.8,53,18,13.8,9,29.9,29.8,29.8,0
2017,8,5,68,63.7,59,55,50,46,82,61.9,46,15,7.4,1,30.1,30,29.9,2.8
2017,8,6,72,63.1,54,52,50,45,88,64.3,38,16,10.1,6,30.2,30.1,30.1,0
2017,8,7,70,63.6,57,59,55.5,52,88,75.8,60,13,8.4,2,30.1,30,29.9,0.3
2017,8,8,66,61.9,59,59,55.2,52,94,79.2,68,15,9.4,1,29.9,29.8,29.8,0
2017,8,9,61,59,57,59,55,52,94,87,77,16,9.7,5,30.1,30,29.8,39.1
2017,8,10,68,61.2,55,54,51.5,46,88,71.7,46,13,7.8,2,30.2,30.2,30.1,0
2017,8,11,72,63.1,54,59,53.2,48,94,71.4,46,18,11.3,3,30.2,30.1,30,0
2017,8,12,72,67.2,63,61,55.1,50,94,66.6,46,18,11.6,6,30.1,30,29.9,0
2017,8,13,72,65,57,50,46,41,72,51.9,35,12,6.3,3,30.2,30.1,30.1,0
2017,8,14,75,66.7,57,54,51.3,48,82,58.5,43,12,7,2,30.1,30,29.9,0
2017,8,15,75,67.9,63,57,52,46,77,58,41,15,8.3,1,30.1,30,29.9,0
2017,8,16,73,65.1,57,54,51,48,77,61,44,17,9,5,30.1,30.1,29.9,0
2017,8,17,75,68.1,61,64,59.7,54,94,75.2,57,21,12.4,5,29.9,29.8,29.8,5.3
2017,8,18,68,62.7,57,59,52.6,48,94,70.5,52,20,13.5,6,29.9,29.8,29.8,13.2
2017,8,19,68,62,57,54,49.2,45,88,64.4,43,22,15.5,9,30.1,30,29.9,0
2017,8,20,70,61.2,54,55,50.4,46,88,69.8,43,15,9.7,2,30.2,30.2,30.1,3.3
2017,8,21,66,62.6,59,61,58.9,55,100,87.8,78,13,8.1,3,30.2,30.1,30.1,4.3
2017,8,22,73,66.8,64,63,60.9,59,94,80.8,68,17,8.6,1,30.1,30.1,29.9,0.3
2017,8,23,72,67.2,63,64,58.8,54,94,75.4,56,17,10.9,5,30,29.9,29.9,0
2017,8,24,72,65,59,57,53.9,50,88,68.9,49,14,9.7,5,30,30,30,0
2017,8,25,75,66.1,57,57,55,54,94,69.1,47,10,5.1,1,30,30,30,0
2017,8,26,77,69.3,61,59,54.8,50,83,61.8,39,8,4.5,0,30,30,30,0
2017,8,27,79,69.8,63,61,56.4,54,88,64.1,42,10,5.2,0,30.1,30,30,0
2017,8,28,82,72.2,61,63,59.4,57,94,67,42,9,5.8,2,30.1,30,30,0
2017,8,29,77,69.2,61,61,58.6,57,88,70,50,12,8.9,7,29.9,29.9,29.8,0
2017,8,30,59,57.1,55,57,52.2,48,94,83.2,72,12,6.3,2,30,29.9,29.8,9.1
2017,8,31,68,60.3,52,52,49.9,46,94,70.8,46,13,6.7,2,30.1,30,29.9,0.1
2017,9,1,70,61.8,52,52,48.6,45,94,64.3,40,9,5.3,2,30.2,30.1,30.1,0
2017,9,2,70,62.4,54,52,48.8,45,88,63.1,40,9,4.6,1,30.2,30.1,30.1,0
2017,9,3,66,59.9,55,55,51.9,46,88,75.4,49,14,9,2,30.1,29.9,29.8,0.3
2017,9,4,72,65.3,59,64,60.6,55,100,84.9,73,14,8.9,5,30,29.9,29.8,8.8
2017,9,5,70,65.5,61,61,58.9,54,88,79,68,20,11.8,7,30,29.9,29.9,1.1
2017,9,6,68,61.9,55,54,48.8,46,88,63.5,46,17,12.5,5,30.1,30.1,30,0
2017,9,7,68,62.4,55,55,51.8,46,82,68.7,52,20,11.3,5,30,29.9,29.7,0
2017,9,8,66,61.7,57,57,54.9,52,94,79.1,64,18,12,2,29.7,29.5,29.4,5.7
2017,9,9,68,58.6,52,52,49.6,46,94,73.5,49,17,10.3,6,29.6,29.4,29.4,0.4
2017,9,10,64,58.4,52,57,51.3,48,94,78.4,59,22,13.8,3,29.6,29.4,29.3,0.2
2017,9,11,68,58.8,55,54,49.8,46,88,72.3,52,23,17.6,8,29.5,29.3,29.3,7.7
2017,9,12,64,58.9,54,57,49.3,43,88,72.5,45,21,15,9,29.7,29.6,29.3,2.4
2017,9,13,64,59.5,54,59,46.8,43,94,63.3,52,37,20.1,9,29.5,29.5,29.3,2.6
2017,9,14,63,56.3,50,48,45.4,43,82,67.8,52,21,14,6,29.9,29.7,29.5,0.7
2017,9,15,61,54.4,48,52,46.6,43,88,76,52,12,6.9,2,29.9,29.9,29.9,0
2017,9,16,61,54.6,50,50,47.6,46,94,78.8,59,10,6.1,2,29.9,29.9,29.8,0
2017,9,17,63,55.8,50,50,48.6,46,94,78.6,55,12,5.8,2,30,29.9,29.9,0
2017,9,18,61,56.4,52,52,49.5,45,94,78.7,55,12,6.7,2,30.1,30,30,2
2017,9,19,61,54.5,50,48,47,45,94,77.6,55,8,5.3,2,30.2,30.1,30.1,1.5
2017,9,20,64,59.1,52,54,52,48,94,77.8,64,14,8.1,2,30.1,30.1,30,0
2017,9,21,66,61.3,55,57,53.7,50,88,76.5,59,15,9.7,5,30.1,30,29.9,0.9
2017,9,22,66,57.8,50,52,47.8,41,94,72.1,42,13,7.5,3,30.2,30.1,30.1,0
2017,9,23,66,61,55,52,49.4,45,88,66.4,46,12,7.6,3,30.2,30.1,30.1,0
2017,9,24,72,63,55,59,52.7,48,94,71.4,43,14,8.5,3,30.1,30.1,30,0
2017,9,25,64,62.1,61,59,56.9,55,94,84.2,73,15,7.5,3,30.2,30.1,30,0.7
2017,9,26,68,61.9,57,57,55.5,52,94,81.3,60,12,6,1,30.2,30.2,30.1,0
2017,9,27,72,62.3,57,59,56.4,55,100,83.1,57,12,8,3,30.2,30.1,30,13.9
2017,9,28,68,63.5,57,61,56.2,52,94,78.1,56,13,8.4,3,30.1,30,30,8.1
2017,9,29,68,63,57,63,57.3,52,94,81.5,68,16,8.4,3,30,30,29.9,6.2
2017,9,30,63,58.6,54,55,50.4,45,88,75,52,17,8.5,5,30,30,29.9,0.9
2017,10,1,64,62.3,57,61,57.7,54,94,84.9,72,20,12.7,6,29.9,29.8,29.8,0.2
2017,10,2,64,60.3,55,54,48.4,45,77,65.8,49,28,18.9,13,30,29.9,29.8,0
2017,10,3,61,56.3,52,48,43.8,41,77,63.9,48,16,11.5,5,30.3,30.2,30,0
2017,10,4,61,56.2,50,48,45,41,77,66.5,58,21,14.1,8,30.3,30.1,30,0
2017,10,5,63,58.5,54,55,45.9,39,82,64,48,23,16.3,9,30.2,30,29.8,0.7
2017,10,6,61,54.9,50,45,42.8,39,82,64.5,45,14,9.6,6,30.3,30.3,30.2,0
2017,10,7,64,58.7,54,57,50.9,43,88,75.2,63,18,13.1,8,30.2,30,29.9,0.7
2017,10,8,63,57.3,54,52,49.5,48,88,75.7,59,12,6.4,0,30.1,30.1,30,0
2017,10,9,64,58.3,54,55,50.8,48,88,76.7,63,13,7.7,2,30.1,30.1,30,0
2017,10,10,63,59.1,54,57,53,50,88,80.6,72,18,12.7,8,30,29.9,29.9,0
2017,10,11,63,60.5,55,57,53,48,88,76.8,59,22,16,12,29.9,29.8,29.8,1.1
2017,10,12,64,57.6,52,52,48.7,46,88,74,55,16,10.8,6,30.2,30.1,29.9,0
2017,10,13,68,62.6,55,59,56.7,52,94,81.3,68,20,12.8,5,30.2,30.2,30.1,0
2017,10,14,68,63.8,57,59,56.3,54,94,77.6,64,14,8.7,0,30.3,30.2,30.2,0
2017,10,15,68,60.7,54,57,55,52,100,82.7,64,15,7.5,1,30.2,30,30,0
2017,10,16,73,63.1,55,61,54,45,100,73.8,57,23,12,1,30.1,30,29.9,0
2017,10,17,61,56.8,54,46,44.7,41,77,63.8,51,18,9.1,2,30.1,30.1,30,0
2017,10,18,61,58.1,55,59,53.4,45,94,84.7,67,9,5.8,3,30,29.9,29.8,4.4
2017,10,19,64,61.1,59,59,56.8,54,100,86.7,72,17,8.8,1,29.8,29.6,29.5,7
2017,10,20,61,56.6,55,54,48.8,41,88,75.2,55,23,14.7,6,29.8,29.6,29.4,1.3
2017,10,21,61,57.8,55,57,48.8,45,94,72.5,55,26,17.9,9,29.6,29.6,29.6,3.3
2017,10,22,57,53.9,52,48,42.6,37,82,66.4,51,24,18.1,9,30,29.9,29.7,0
2017,10,23,63,58.7,52,57,52.9,46,88,82.2,77,12,8.9,6,30.1,30,30,0
2017,10,24,66,62.9,59,59,56.8,55,88,81.3,73,20,13.5,5,30,30,30,0
2017,10,25,66,61.3,55,55,51.9,48,88,71.7,52,16,9.7,5,30.2,30.1,30,0
2017,10,26,61,57,52,59,54.6,50,100,92,82,9,4.9,1,30.3,30.2,30.2,0.7
2017,10,27,57,53.7,48,54,45.2,41,88,73.5,55,8,6,1,30.6,30.5,30.3,0
2017,10,28,61,53.5,45,52,47.3,41,93,79.5,67,21,14.7,8,30.5,30.3,30.1,0
2017,10,29,61,54.2,45,54,43.7,36,82,68.2,47,21,10.9,3,30.4,30.2,30,0
2017,10,30,54,46.9,41,39,37.8,36,87,71.9,54,7,4.6,2,30.5,30.4,30.4,0
2017,10,31,55,51.7,46,48,43.7,39,88,74.2,67,16,11.6,6,30.4,30.3,30.2,0
2017,11,1,61,54.4,50,50,45.7,39,94,74.3,45,9,5.8,2,30.2,30.1,30,0
2017,11,2,55,50.5,45,48,46,43,93,84.6,72,8,4.5,1,30,30,29.9,0
2017,11,3,59,54.1,48,52,48.3,46,94,82,63,10,4.2,0,30,29.9,29.8,0
2017,11,4,57,53.8,46,55,48.6,37,94,82.3,66,20,9.3,1,29.8,29.6,29.5,4.8
2017,11,5,50,46.6,43,39,37.6,36,81,71.8,62,17,11,6,30.2,29.9,29.8,0
2017,11,6,54,45.4,37,39,37.6,36,93,75.5,54,9,7.2,5,30.3,30.2,30.2,0
2017,11,7,54,51,45,48,44.1,39,88,78.2,66,16,10,5,30.2,30,30,4.6
2017,11,8,50,46.1,41,43,39.2,36,87,77.4,66,10,7.2,3,30.3,30.2,30,0.4
2017,11,9,57,49.3,39,50,42.9,36,88,79.1,62,12,7.8,5,30.3,30.2,30.2,0
2017,11,10,54,51.5,48,50,39.3,32,88,64.6,44,24,14.7,7,30.1,30.1,30,0.9
2017,11,11,50,47.7,46,46,44.1,41,100,85.8,76,9,5.3,2,30,29.9,29.8,12.3
2017,11,12,48,45.9,43,45,36.6,30,93,70.5,50,21,12.9,5,30.1,29.9,29.7,2.9
2017,11,13,46,42.9,39,36,33.5,30,81,69,62,12,8.5,6,30.3,30.3,30.2,0
2017,11,14,54,49.9,43,48,43.4,34,88,79.2,66,14,10,7,30.3,30.2,30.2,0
2017,11,15,54,52.8,52,50,49.5,48,94,90.4,88,9,5.6,1,30.3,30.2,30.2,0
2017,11,16,57,52.6,45,50,45.9,37,94,79.1,63,14,7.6,1,30.3,30.2,30.1,0
2017,11,17,50,44.2,39,37,35.1,32,87,70.8,50,9,5.3,2,30.4,30.4,30.3,0
2017,11,18,50,46.3,43,46,40,34,93,78.5,62,15,9.8,6,30.3,30.2,30.1,2
2017,11,19,48,44.4,41,39,35,32,81,70.3,54,10,7.1,3,30.2,30.2,30.1,0
2017,11,20,55,52.3,45,52,47.3,36,93,82.9,71,22,13.3,3,30.2,30,29.9,2.6
2017,11,21,59,56.5,55,52,49.5,46,88,77.3,67,20,15.2,12,29.9,29.8,29.7,0
2017,11,22,61,59.3,57,50,47.5,41,77,65.4,51,26,18.6,14,29.6,29.4,29.2,0
2017,11,23,61,53.6,48,54,41,34,88,63.4,47,26,16.7,7,29.7,29.4,29.1,4.2
2017,11,24,48,45.2,39,39,35.3,32,87,68.2,57,8,4.6,1,29.9,29.8,29.7,0
2017,11,25,46,40.4,36,34,32.8,32,93,74.5,57,20,11.9,5,30.1,30,29.9,0
2017,11,26,46,42.3,39,41,34.1,32,87,72.6,57,16,13.2,9,30.3,30.2,30.1,0
2017,11,27,52,48.8,43,46,41.3,36,93,75.8,62,22,16.2,8,30.1,29.9,29.8,3.5
2017,11,28,45,42.4,39,37,34.4,30,87,74,57,16,10,5,29.8,29.8,29.7,0
2017,11,29,43,40.7,39,36,33.8,30,81,76,70,15,10.9,7,29.9,29.8,29.8,0
2017,11,30,39,37.3,34,32,28.1,25,81,69.2,56,18,12.5,9,29.9,29.9,29.8,0
2017,12,1,45,40.3,37,36,34.2,32,87,78.1,61,14,10.6,5,30.3,30.1,29.9,0.1
2017,12,2,46,42,39,43,35.6,32,93,78.5,57,12,6.3,1,30.3,30.3,30.3,0
2017,12,3,50,47.9,45,46,44.6,43,93,87.4,82,10,6.6,3,30.4,30.3,30.2,0.9
2017,12,4,50,47.6,43,45,40.7,37,87,77.1,66,12,8,5,30.6,30.5,30.4,0
2017,12,5,48,48,46,41,38.8,37,76,70.6,66,17,9.8,3,30.6,30.5,30.5,0
2017,12,6,54,50.6,48,43,39.3,37,76,65.8,58,18,11.6,5,30.5,30.3,30,0
2017,12,7,55,49.3,43,52,41.6,32,94,75.6,62,22,16.9,10,30,29.8,29.7,2.9
2017,12,8,41,38.9,36,32,29,27,75,68.2,57,23,17.7,14,30,29.9,29.8,0
2017,12,9,41,36.6,34,30,28.1,27,81,72.2,61,17,11.2,5,30,29.9,29.6,0
2017,12,10,39,35.7,34,37,32.7,25,100,89.3,60,21,8.6,1,29.6,29,28.7,20.5
2017,12,11,39,36.3,34,36,32.4,27,100,85.7,70,15,11.4,6,29.4,29.1,28.9,16.1
2017,12,12,45,36.9,30,41,30.8,27,87,78.2,70,13,8.2,3,29.8,29.7,29.5,1.3
2017,12,13,50,45.4,39,45,40.3,32,87,81.7,70,26,15.2,8,29.6,29.4,29.2,10.1
2017,12,14,45,40.9,39,34,33.7,32,81,75.2,66,22,15.2,8,29.3,29.2,29.2,0
2017,12,15,43,40.3,37,37,34.6,32,93,79.6,70,16,11.1,3,29.8,29.5,29.2,1.3
2017,12,16,43,39.1,36,37,32.8,28,93,78.2,61,15,9.8,6,30.2,30,29.8,1.1
2017,12,17,50,41.8,34,48,38.7,32,100,89.3,66,17,8.9,2,30.3,30.2,30.1,3.3
2017,12,18,48,41.9,37,39,36.1,34,93,80,71,10,4.6,1,30.5,30.4,30.1,0
2017,12,19,46,42.1,36,43,38.3,34,93,85,76,12,7.7,5,30.6,30.5,30.5,0
2017,12,20,52,49.2,46,50,47.3,45,100,93.5,88,10,7.5,5,30.6,30.5,30.5,0
2017,12,21,54,52.8,50,52,48.9,46,94,88.4,77,13,9,6,30.6,30.6,30.5,0
2017,12,22,54,52.1,50,50,47.4,45,94,85.6,76,14,6.5,2,30.6,30.6,30.5,0
2017,12,23,52,49.7,48,46,45.6,45,93,86,82,18,12.9,7,30.6,30.5,30.4,0
2017,12,24,52,50.1,48,46,44.9,43,87,81.3,71,22,15.2,9,30.4,30.2,30,0
2017,12,25,52,51.1,45,46,44.9,39,87,79.1,76,25,16.8,9,30,29.7,29.3,4.4
2017,12,26,48,43.9,39,45,38.1,34,93,79.9,62,21,12.5,8,29.5,29.3,28.9,10.6
2017,12,27,46,39.7,36,45,34.1,27,93,80.2,61,23,13.9,3,29.5,29.1,28.8,4.4
2017,12,28,43,37.5,34,32,30.5,30,87,77,61,17,10.1,5,29.7,29.6,29.5,0
2017,12,29,48,42.8,34,41,35.3,30,93,75.6,61,23,12.7,2,29.7,29.4,29.2,9.5
2017,12,30,57,53.2,45,50,45.3,37,94,75.4,63,30,17.6,6,29.6,29.4,29.2,4.4
2017,12,31,57,52.8,46,52,45.6,37,94,76.7,66,25,17.6,12,29.4,29.4,29.3,6.4
2018,1,1,48,45.8,45,41,37,36,81,71.3,62,24,14.2,1,29.8,29.5,29.4,0
2018,1,2,55,47.9,41,52,41.6,34,88,79.5,62,25,12.7,3,29.9,29.6,29.2,12.8
2018,1,3,54,49.3,46,45,37,34,76,62.5,54,36,23.6,13,29.5,29.4,29.2,2.4
2018,1,4,55,47.9,45,50,40.3,36,100,75.7,58,32,15.7,3,29.5,29.3,29.2,10.3
2018,1,5,48,45.3,41,41,37.9,34,93,75.3,57,22,10.9,2,29.5,29.4,29.3,0
2018,1,6,43,39.7,36,37,35,30,93,83.4,70,10,6.3,1,30.1,29.8,29.5,0
2018,1,7,43,39,37,34,30,27,87,70.2,57,23,11.4,7,30.3,30.3,30.1,0
2018,1,8,43,41.1,39,37,36,34,87,82.4,76,21,14.9,10,30.3,30.1,30,0
2018,1,9,46,42.7,41,45,39.3,37,93,88.5,81,14,7.3,3,29.9,29.7,29.6,0
2018,1,10,50,46.9,43,46,42.6,41,100,84.2,71,16,8.2,0,29.8,29.6,29.5,0.7
2018,1,11,46,45,43,43,42.2,39,93,89,87,9,5.1,1,30.3,30,29.8,0.2
2018,1,12,46,45,43,43,40.8,37,93,85.2,76,9,5.4,0,30.3,30.3,30.2,0.7
2018,1,13,46,43.3,41,39,36.7,34,87,78.3,71,16,10.8,5,30.2,30.1,30.1,0
2018,1,14,45,43,41,34,33.7,32,76,69.9,61,13,6,0,30.1,30,29.9,0
2018,1,15,54,48.1,45,48,41.8,34,88,79.1,66,24,16.5,10,29.9,29.4,29.3,9
2018,1,16,46,43.4,39,39,33.2,28,81,68.7,50,28,18.9,13,29.4,29.4,29.3,0
2018,1,17,46,42.8,39,41,30.5,27,81,62.5,50,28,19.5,10,29.8,29.6,29.4,1.1
2018,1,18,54,47.4,41,46,35.4,30,87,63.2,54,39,21.9,13,29.7,29.5,29.2,1.3
2018,1,19,45,40.5,37,32,31.6,28,81,71.2,53,20,14,8,29.8,29.8,29.7,0
2018,1,20,43,39.3,37,39,35.5,32,100,85.7,75,13,7.8,3,29.9,29.6,29.4,5.3
2018,1,21,52,40.2,36,50,37.3,32,94,89.1,81,16,7.5,2,30,29.9,29.7,12.3
2018,1,22,52,49.6,48,48,41.2,36,93,73.6,58,17,10.5,6,30.1,29.9,29.7,0
2018,1,23,57,52.6,48,50,46.2,39,88,79,66,20,12.2,7,30.1,30,29.9,0.4
2018,1,24,57,51.1,46,52,46,39,93,82.3,76,26,17.1,8,29.9,29.7,29.6,11.4
2018,1,25,52,47.1,43,41,38.8,34,81,73.2,50,17,10.9,5,29.8,29.8,29.7,0
2018,1,26,46,43.4,39,39,37.3,34,93,80.1,62,9,4.8,1,30.3,30.1,29.8,0
2018,1,27,54,47.4,41,50,41.8,34,94,81.3,66,20,11,3,30.3,30.3,30.2,0.9
2018,1,28,57,53.6,50,48,46.6,43,88,78.2,67,24,16.3,10,30.4,30.4,30.3,0
2018,1,29,55,51.4,43,50,41.9,34,94,70.2,66,24,15.5,5,30.5,30.3,30.2,0.7
2018,1,30,52,43.5,37,48,36.7,32,93,76.8,54,16,7.4,5,30.5,30.3,29.9,0.7
2018,1,31,52,45.4,37,48,37.1,27,88,73.3,53,23,16.9,10,29.9,29.6,29.5,1.8
2018,2,1,46,42.5,39,37,32.5,30,87,68.5,53,23,15.5,7,29.8,29.6,29.4,1.1
2018,2,2,45,43,41,34,32.8,32,76,67.4,61,16,11,3,29.9,29.8,29.8,0
2018,2,3,43,40.8,39,37,35,32,93,79.7,66,9,5.1,1,29.9,29.7,29.7,4.8
2018,2,4,43,39.1,36,36,30.3,25,87,71,49,13,8.1,5,30.4,30.2,29.9,0
2018,2,5,41,37.5,34,32,29,27,87,72,61,12,7.5,3,30.4,30.3,30.1,0
2018,2,6,39,36.6,34,28,26,23,75,66.3,52,13,7.4,3,30.1,30,30,0
2018,2,7,43,37.5,34,32,27.5,21,87,68.2,56,10,7,2,30.2,30.1,30,0
2018,2,8,46,40.3,32,39,30,21,81,67,56,16,10.1,5,30.1,30,29.8,0
2018,2,9,45,42.4,37,41,33.1,27,87,70.9,53,21,14.9,9,30,29.8,29.7,7.7
2018,2,10,52,42.2,34,46,36.2,28,93,80.3,65,20,12.5,3,30,29.8,29.4,3.7
2018,2,11,52,42.8,36,48,31.3,27,88,64.3,49,24,18.9,13,29.9,29.6,29.4,1.5
2018,2,12,45,39.4,34,32,28,25,75,64.8,46,17,11.6,7,30,29.9,29.8,0
2018,2,13,43,40.7,39,37,35.3,34,93,80.8,70,20,11.2,1,29.8,29.6,29.4,2.4
2018,2,14,46,41.5,36,43,35.7,32,93,80.8,61,21,11.2,0,29.8,29.7,29.5,8.4
2018,2,15,52,46.9,41,46,36.8,28,93,69.1,43,21,11.7,5,30.1,29.8,29.5,0.4
2018,2,16,50,42.8,37,36,31.6,25,81,66,37,12,7.5,2,30.3,30.2,30.1,0
2018,2,17,52,43.2,36,37,34.3,28,93,73.3,41,8,4.6,0,30.2,30.2,30.1,0
2018,2,18,52,44.5,36,41,37.1,34,93,76.4,54,9,5.3,1,30.2,30.1,30.1,0
2018,2,19,52,48.5,45,48,45.5,41,94,89.5,81,13,6.8,2,30.1,30,30,1.8
2018,2,20,48,46.3,41,46,41.1,36,93,82,62,18,9.5,2,30.3,30.1,30,0.4
2018,2,21,43,40.6,37,37,34.4,32,87,78.3,66,8,5.3,3,30.3,30.3,30.3,0
2018,2,22,43,38.7,36,36,28.4,23,87,67,49,21,10,2,30.3,30.2,30.2,0
2018,2,23,39,36.7,32,30,27.2,25,87,68.1,56,24,12.7,2,30.2,30.1,30.1,0
2018,2,24,41,37.4,34,30,26.3,21,75,64.5,45,25,16,8,30.3,30.2,30.1,0
2018,2,25,39,35.8,32,27,22.3,18,75,58.9,45,24,14.7,6,30.4,30.3,30.3,0
2018,2,26,36,32.6,28,27,21.2,16,86,64,48,20,11.8,6,30.5,30.4,30.3,0.6
2018,2,27,34,29.4,27,27,21.1,18,93,71.5,52,16,6.8,2,30.3,30.2,30.1,0.6
2018,2,28,30,26.7,23,25,19.2,16,93,74.4,55,26,13.2,2,30.1,30,29.8,5.5
2018,3,1,34,29.5,25,27,22.4,18,86,75.6,60,33,23,15,29.8,29.5,29.4,1.1
2018,3,2,34,31.5,30,32,26.7,23,93,82.5,69,28,21.4,13,29.4,29.3,29.3,2.2
2018,3,3,39,36.7,34,37,34.4,32,93,90.5,87,20,15.5,8,29.3,29.3,29.3,0.7
2018,3,4,48,43.4,37,43,39.7,36,93,86.7,76,10,7.2,2,29.3,29.2,29.2,0.2
2018,3,5,52,46.4,43,41,40.1,39,87,79.3,62,15,10.5,5,29.2,29.2,29.1,0.4
2018,3,6,50,46.7,41,43,37.3,32,87,70.8,50,12,7.2,1,29.2,29.2,29.1,0.4
2018,3,7,52,44.6,39,39,36.1,28,93,74.3,43,18,8.2,1,29.4,29.3,29.2,3.3
2018,3,8,50,46,43,41,34.2,27,87,65.3,40,28,15,7,29.6,29.4,29.3,1.3
2018,3,9,54,45.5,39,50,40.7,36,100,83,66,12,6.8,0,29.6,29.5,29.4,7.3
2018,3,10,59,53.7,46,52,48,43,94,81.7,72,15,9,2,29.4,29.4,29.3,0.2
2018,3,11,50,47.1,45,46,44.5,43,100,90,82,16,8.9,1,29.4,29.2,29.1,2.4
2018,3,12,54,47.8,45,48,43.9,39,93,85.8,76,17,11.2,3,29.4,29.2,29.1,5.7
2018,3,13,52,46.8,43,41,38.3,36,87,73.5,62,17,8.9,2,29.8,29.7,29.5,0
2018,3,14,55,48.7,39,41,37.4,34,87,67.1,44,21,13,2,29.8,29.6,29.3,0
2018,3,15,55,49.8,46,48,44.4,39,93,81.5,66,17,10.4,7,29.3,29.2,29.2,4.8
2018,3,16,57,50.9,46,45,41.5,36,93,71,47,17,8.7,3,29.6,29.5,29.3,1.5
2018,3,17,45,34.7,30,43,29.6,25,93,81.8,70,21,13.9,8,29.7,29.7,29.7,4.4
2018,3,18,36,33.5,30,28,26,23,87,74.4,65,23,15.9,6,29.8,29.8,29.7,3.3
2018,3,19,39,35.2,32,27,22.1,18,75,60,45,20,11.1,5,30.2,30,29.8,0
2018,3,20,46,41,36,36,29,25,87,63.3,43,16,7.7,2,30.5,30.3,30.2,0.1
2018,3,21,52,43.7,34,34,29.9,25,87,60.6,37,18,9.7,1,30.5,30.4,30.3,0
2018,3,22,54,46.9,43,39,35.2,32,81,64.3,50,17,12.7,8,30.3,30.1,29.8,0
2018,3,23,55,49.4,45,43,37.2,34,87,63.6,44,18,12.6,3,29.8,29.5,29.4,0
2018,3,24,48,46.4,45,43,42.4,39,93,85.2,76,12,6.2,1,29.7,29.5,29.4,1.3
2018,3,25,54,48.3,45,43,39.6,36,93,72.3,51,7,3.2,0,30,29.8,29.7,0
2018,3,26,55,49.2,45,36,31.4,27,66,51.8,35,12,6.1,0,30,30,29.9,0
2018,3,27,59,49.6,43,50,40.2,30,87,71.3,53,22,10.8,5,29.9,29.7,29.6,4.4
2018,3,28,48,43.6,41,41,37.3,36,87,79.1,62,16,8.3,1,29.7,29.6,29.5,11.7
2018,3,29,50,43.9,39,41,37.4,34,87,77.9,54,15,9.1,3,29.7,29.6,29.4,3.5
2018,3,30,46,44,41,43,39.8,37,93,85.9,81,18,10.7,6,29.5,29.4,29.3,10.8
2018,3,31,48,43.8,41,41,37.1,36,87,77.9,66,18,9.7,6,29.7,29.4,29.3,2.6
2018,4,1,46,43.2,41,37,35.4,32,87,74.2,57,16,7.8,1,29.9,29.8,29.7,2.9
2018,4,2,54,49.3,41,48,44.3,37,93,83.7,67,15,9.3,6,29.8,29.5,29.4,13.6
2018,4,3,57,53.6,48,48,46.6,43,88,77.9,59,20,12.4,6,29.4,29.4,29.3,1.8
2018,4,4,55,51.5,46,45,43.2,37,87,73.2,58,22,15.1,6,29.5,29.4,29.3,0.2
2018,4,5,55,47.4,43,37,31.2,23,76,55.3,29,20,10.6,3,30.1,29.9,29.5,0
2018,4,6,63,52.1,43,43,38.6,36,81,62.3,42,21,11.3,1,30,29.8,29.7,0
2018,4,7,64,55,48,50,46.2,43,82,73.1,56,16,6.8,0,29.8,29.7,29.6,0
2018,4,8,54,51.7,50,50,47.9,46,94,88.5,82,6,3.3,0,29.8,29.8,29.7,6.2
2018,4,9,50,48.5,48,48,46.2,46,94,92.2,87,14,8.6,2,29.8,29.7,29.5,7
2018,4,10,57,51.2,46,50,47.7,45,100,87.9,77,14,6.9,0,29.7,29.6,29.5,4
2018,4,11,52,49.6,46,50,46.6,45,94,89.8,82,8,5,2,29.8,29.7,29.7,2.4
2018,4,12,52,47.6,45,48,45.3,43,94,90.9,82,9,6.4,3,29.7,29.6,29.6,0.1
2018,4,13,54,49.6,45,45,43.8,43,93,80.5,71,10,6.6,2,29.9,29.8,29.6,0
2018,4,14,63,55,50,48,45.9,43,88,73.2,55,17,7.8,0,30,30,29.9,0
2018,4,15,61,53.7,48,50,46.6,45,100,78.6,55,15,8.9,5,29.9,29.8,29.7,0.2
2018,4,16,61,54.3,50,45,40.1,36,82,60.4,42,18,11.2,7,30,29.9,29.8,0
2018,4,17,66,59.8,52,48,43.1,37,77,55,37,22,12.3,1,30.3,30.1,30,0
2018,4,18,77,63.7,52,54,49.8,41,88,62.9,29,16,8.3,0,30.3,30.3,30.3,0
2018,4,19,82,67.7,54,54,49,43,88,55.1,25,16,6.5,0,30.3,30.2,30.2,0
2018,4,20,79,67.7,55,55,51.8,48,82,58.4,36,13,7.1,1,30.2,30.2,30.2,0
2018,4,21,70,60.5,52,55,52.4,48,94,75.4,60,18,10.5,3,30.2,30.1,30,0
2018,4,22,75,64.6,54,57,51.2,43,94,64.5,38,23,12.1,2,30,29.8,29.8,3.7
2018,4,23,61,55.5,48,46,43.4,41,87,64.5,48,18,13.9,7,30,30,29.9,0
2018,4,24,64,57.4,54,52,48.7,45,94,74,52,21,14.7,9,30,29.9,29.7,0.4
2018,4,25,59,53.6,48,48,42.4,36,82,66.5,48,22,15.8,10,29.9,29.9,29.8,0.4
2018,4,26,61,52.4,46,43,40,30,81,64.3,31,21,14.2,6,30,30,29.9,0.4
2018,4,27,55,51,46,50,46.6,43,94,85,72,16,8.7,3,29.9,29.7,29.6,7.7
2018,4,28,52,48.3,46,52,46.3,45,100,92,82,13,6.2,1,29.9,29.8,29.6,2.2
2018,4,29,48,45.9,45,45,41.7,37,93,84.2,76,14,8.9,5,29.9,29.8,29.7,0
2018,4,30,48,45.3,43,41,37.7,34,87,75.8,57,17,13.2,8,29.8,29.7,29.6,5.3
2018,5,1,59,49.9,39,39,35.9,28,87,60.1,36,18,11.5,8,29.8,29.8,29.7,0
2018,5,2,57,51.8,48,50,43,37,88,72.9,58,26,12.3,6,29.9,29.7,29.6,4.6
2018,5,3,63,53.9,43,43,40.2,36,93,62.7,39,12,7,2,30.1,30.1,29.9,0
2018,5,4,70,59.9,52,50,44.7,41,76,58.1,43,12,5.5,1,30.3,30.2,30.1,0
2018,5,5,70,59.8,50,46,43.7,41,82,57.2,38,14,7.5,3,30.3,30.3,30.2,0
2018,5,6,73,62,50,50,45.7,41,82,57.2,38,13,7,1,30.2,30.2,30.1,0
2018,5,7,79,66,54,52,48.8,45,88,56.8,34,15,6.2,0,30.1,30,29.9,0
2018,5,8,79,66.4,54,54,52,48,94,62.4,34,18,8.9,1,29.9,29.8,29.7,0
2018,5,9,70,61.6,52,50,46.5,45,88,59.5,40,16,8.8,3,29.8,29.8,29.7,0
2018,5,10,63,57.6,52,50,40.8,34,94,57,34,16,10.6,3,30.1,29.9,29.8,2.2
2018,5,11,64,58.1,50,46,42.1,37,82,56.8,39,15,10.1,1,30.1,30,29.9,0
2018,5,12,61,57.6,54,50,47.7,45,82,69.8,59,9,5.4,3,29.9,29.9,29.9,7.3
2018,5,13,64,60,55,46,42.9,39,72,54,45,9,5.3,0,30,30,30,0
2018,5,14,64,58.8,52,45,40.6,34,72,51.7,36,17,9.8,5,30.1,30.1,30,0
2018,5,15,72,61.9,52,54,47.5,39,72,59.9,46,13,8,5,30.1,30.1,30.1,0
2018,5,16,59,54.3,48,52,45.3,41,82,71.4,62,13,8.5,5,30.3,30.2,30.1,0
2018,5,17,63,52.9,45,46,41,37,87,66.1,42,15,8,2,30.3,30.3,30.3,0
2018,5,18,64,53.6,43,48,41,37,87,65.3,37,13,6.1,2,30.3,30.3,30.2,0
2018,5,19,70,57.6,48,50,45.4,39,88,66.6,35,17,6.9,2,30.3,30.2,30.2,0
2018,5,20,68,56.5,46,52,48.2,46,100,76.8,46,14,9.3,3,30.2,30.2,30.1,0
2018,5,21,73,61.2,48,55,50,46,94,68.6,44,10,5,0,30.1,30,29.9,0
2018,5,22,72,61.6,54,54,50.5,48,88,68.2,49,15,8.8,2,30.1,30,29.9,0
2018,5,23,66,58.1,52,54,49.4,48,88,74,59,14,9.6,6,30.2,30.2,30.1,0
2018,5,24,72,61.2,54,57,53.7,50,94,77.9,56,10,6.3,2,30.2,30.1,30,2
2018,5,25,68,62,57,59,55.2,54,94,79,64,10,5.3,1,30.1,30,30,0
2018,5,26,77,67.6,59,61,59,57,94,75.3,54,23,12.7,3,30.1,30.1,30,0.4
2018,5,27,77,69,61,64,61.2,57,94,77,65,14,7.3,2,30,30,29.9,3.3
2018,5,28,79,67.9,61,66,60.7,59,94,78.6,57,9,6.2,0,30.1,30,30,2.2
2018,5,29,63,60.3,57,63,57.5,55,100,91.8,88,13,7.8,2,30.1,30,29.9,16.3
2018,5,30,72,62.6,57,63,58.1,55,100,86.3,64,10,5.4,3,30,29.9,29.9,0.4
2018,5,31,72,63.6,59,64,61,59,100,91,73,15,8,2,30,29.9,29.9,0
2018,6,1,75,66.8,61,61,59.7,59,94,78.7,57,10,6.9,2,30,30,30,0
2018,6,2,75,67.6,61,61,56.4,52,94,69.7,44,14,9.8,6,30.1,30,30,0
2018,6,3,79,69,61,61,55.9,52,94,65.4,39,15,7.2,1,30.1,30,30,0
2018,6,4,64,61.2,57,59,56.3,54,100,85,68,12,8,5,30,30,30,0
2018,6,5,64,57.7,54,54,51.1,48,94,79,59,13,8.6,5,30,30,30,0
2018,6,6,73,59.8,48,55,49.4,45,93,71,46,13,8.2,3,30,30,29.9,0
2018,6,7,70,62.4,55,59,53.6,50,82,73.3,60,13,8.2,5,30,30,30,0
2018,6,8,72,63.3,57,57,52.7,48,88,68.9,53,14,7.6,2,30,30,30,0
2018,6,9,72,62.4,55,57,54,50,88,74.8,60,14,8.2,5,30,30,29.9,0.2
2018,6,10,72,63,57,57,55.1,52,88,76.5,60,14,9.6,5,30,29.9,29.9,0.2
2018,6,11,75,63.7,54,55,51.4,46,94,67,36,17,10.3,3,30,29.9,29.9,0
2018,6,12,66,58.9,54,54,50.7,45,94,74.9,52,10,6.7,3,30.1,30,29.9,0
2018,6,13,72,62.9,52,52,47.8,45,88,60.3,40,17,7.9,1,30.1,30,29.9,0
2018,6,14,75,65.5,59,57,51.7,46,88,63.2,41,20,12.8,5,30,29.9,29.8,0.2
2018,6,15,73,66.8,59,50,45.9,43,68,48.1,35,14,7.5,3,30,30,30,0
2018,6,16,68,63.7,59,54,48.7,45,68,58.6,46,18,12.1,3,30,29.9,29.9,0
2018,6,17,68,61.5,57,59,51.6,46,94,70.8,49,17,12.4,7,30,30,30,0.2
2018,6,18,79,68.1,61,61,55.8,50,94,67.2,39,20,14.8,9,30.1,30.1,30,0
2018,6,19,77,70.4,64,61,58.9,57,83,67.6,53,20,12.2,7,30.2,30.2,30.1,0
2018,6,20,79,68,61,61,57.7,46,94,71.2,51,17,12.6,6,30.2,30.1,30,0
2018,6,21,68,61.2,55,45,39.9,36,67,46.8,30,18,11.3,2,30.4,30.3,30.1,0
2018,6,22,72,62,54,52,44.5,37,72,54.6,31,15,8.3,5,30.4,30.4,30.4,0
2018,6,23,73,65.8,55,52,42.9,28,82,47.9,21,14,8.4,3,30.4,30.3,30.3,0
2018,6,24,77,67.2,59,55,50.7,45,82,57.2,34,15,7.2,1,30.3,30.3,30.2,0
2018,6,25,84,73.2,61,55,49.5,43,72,46.2,23,9,5.8,2,30.3,30.3,30.2,0
2018,6,26,79,69,59,59,54,48,88,61.2,38,17,10.5,1,30.3,30.3,30.3,0
2018,6,27,75,64.6,57,55,53.8,50,94,69.9,44,15,12.1,9,30.3,30.3,30.2,0
2018,6,28,81,66.6,55,59,54.8,52,94,68.3,39,22,9.6,5,30.3,30.2,30.2,0
2018,6,29,81,67.3,55,59,53.8,48,88,64.8,34,18,10.1,5,30.2,30.1,30.1,0
2018,6,30,79,68.6,57,57,51.1,45,82,56.1,34,20,11.5,6,30.1,30,29.9,0
2018,7,1,82,73.4,61,55,53.4,50,77,51.3,35,17,9.8,3,29.9,29.9,29.9,0
2018,7,2,81,72.4,63,52,47,41,60,42,26,23,12.7,3,30,30,29.9,0
2018,7,3,77,68.2,61,55,49.1,45,82,53.1,32,22,14.9,7,30,30,30,0
2018,7,4,79,67.6,57,59,54.5,52,88,64,44,14,8,3,30,30,29.9,1.5
2018,7,5,86,74.2,64,61,58.7,52,88,61,31,12,6.3,0,30,30,29.9,0
2018,7,6,86,74.7,64,64,58.2,52,88,59.7,31,17,6.4,0,30.2,30.1,30,0
2018,7,7,88,76.5,66,63,58.1,52,88,56.6,31,17,7.5,1,30.2,30.2,30.2,0
2018,7,8,86,74.7,64,59,55.4,52,73,52.8,33,14,6.8,2,30.3,30.3,30.2,0
2018,7,9,82,72.8,64,61,57,54,83,60.1,37,22,7.8,2,30.3,30.3,30.2,0
2018,7,10,70,64.2,59,57,52.2,48,82,65.6,49,12,7.8,3,30.3,30.2,30.2,0
2018,7,11,72,64.9,57,59,54.5,52,88,70,50,10,6.9,3,30.2,30.1,30.1,0
2018,7,12,77,66,59,59,55.9,54,94,71.8,44,13,7.3,3,30.2,30.1,30.1,0
2018,7,13,77,68.3,63,59,56.1,54,88,67.1,44,16,9,3,30.2,30.2,30.1,16.9
2018,7,14,81,72.1,61,57,55.4,54,82,57.8,39,14,6.6,1,30.2,30.1,30,0
2018,7,15,86,76.5,64,55,51.1,41,73,44.1,20,12,5.9,2,30,30,29.9,0
2018,7,16,84,76.6,68,59,52,46,68,43.7,27,16,8.6,3,29.9,29.9,29.8,0
2018,7,17,75,69,61,54,50.9,46,77,53.7,36,16,12,8,30,30,29.9,0
2018,7,18,77,70.3,63,55,52.4,48,77,54.3,36,9,5.5,2,30.1,30,30,0
2018,7,19,81,71.5,63,55,51.5,45,77,50.8,28,17,7.9,2,30.1,30,30,0
2018,7,20,75,70.1,66,61,55.4,46,78,60.2,46,12,7,3,30,29.9,29.9,0
2018,7,21,84,73.7,66,61,56.5,50,83,57.3,33,10,5.3,2,30,29.9,29.9,0
2018,7,22,82,75.3,66,59,55.4,46,73,51.8,28,14,7.5,3,30,30,30,0
2018,7,23,88,78.7,70,63,57.6,50,69,49.6,37,13,7.9,3,30,30,29.9,0
2018,7,24,86,76.5,66,61,59,55,83,56.7,37,14,9.3,5,30,29.9,29.9,0
2018,7,25,88,76.2,66,66,59.9,57,88,59.9,35,16,7.3,3,30,30,29.9,0
2018,7,26,93,81.1,66,66,60.8,52,94,55.9,24,13,8.6,5,30,29.9,29.8,0
2018,7,27,91,77.8,68,66,60.4,57,83,57,34,16,7.2,1,29.9,29.8,29.7,7.3
2018,7,28,73,67.9,64,61,51.2,43,83,57.3,33,25,16.4,7,29.8,29.7,29.6,0
2018,7,29,70,66.3,63,64,59.8,52,88,79.9,64,17,13.3,7,29.8,29.7,29.6,4.8
2018,7,30,73,69.2,64,64,58.8,54,94,70.8,53,18,10.8,6,29.9,29.8,29.8,0
2018,7,31,77,68.4,61,61,54.4,48,94,63,36,16,9.9,5,30.1,30,29.9,5.9
2018,8,1,79,69.1,59,55,51.9,46,88,57.8,32,13,8,3,30.2,30.1,30.1,0
2018,8,2,84,73.7,61,63,57.2,52,77,57.6,40,9,7.2,5,30.2,30.2,30.2,0
2018,8,3,90,79.6,70,63,61.5,57,78,55.8,33,12,5.2,0,30.2,30.1,30.1,0
2018,8,4,82,73.9,68,64,59.8,52,83,63.7,35,15,8.3,3,30.3,30.2,30.1,0
2018,8,5,81,72.2,64,63,57.9,54,94,63.4,39,15,7.1,2,30.3,30.2,30.1,0
2018,8,6,90,77.1,64,59,56.5,48,83,52.6,25,12,5.5,2,30.1,29.9,29.8,0
2018,8,7,88,77.2,70,64,58.4,54,78,54,33,16,7.6,3,29.8,29.7,29.6,0.4
2018,8,8,75,68.7,63,57,50.5,46,73,53.6,36,16,12.6,8,29.9,29.8,29.7,0
2018,8,9,64,61.4,57,59,55.4,52,94,81.3,68,14,6.5,2,30,29.9,29.9,14.7
2018,8,10,68,61,55,59,51.5,45,94,71.8,52,18,10.4,6,30.1,30,30,7.5
2018,8,11,72,62.2,54,61,52.1,45,88,71.1,38,13,8.1,2,30.2,30.1,30,0.9
2018,8,12,73,67.2,63,61,57,52,94,71.3,47,20,8.7,3,30,29.8,29.7,0.9
2018,8,13,75,67.9,63,61,58.5,55,94,73.7,50,17,10,2,29.9,29.7,29.7,0.4
2018,8,14,77,68.7,63,59,55,54,77,62.1,44,18,11.5,7,30,30,29.9,0
2018,8,15,75,68.6,63,59,57.2,55,78,67.7,57,17,12,7,30,30,30,0
2018,8,16,68,64.3,59,63,57.8,52,100,79.8,68,17,10.2,5,30,29.9,29.9,15.2
2018,8,17,72,64.4,55,54,51.4,46,88,64,41,16,10.2,5,30.1,30.1,30,0
2018,8,18,72,67.1,63,59,56.4,54,77,69.1,57,14,11.2,8,30.1,30.1,30.1,0
2018,8,19,81,70.5,64,63,60.7,59,88,71.5,51,18,12.3,7,30.1,30.1,30,0
2018,8,20,79,72.3,68,64,61.4,59,78,68.6,54,14,8,5,30.1,30.1,30.1,0
2018,8,21,79,72,66,63,60.5,59,83,67.9,51,12,6.8,0,30.1,30.1,30,0
2018,8,22,73,67.5,61,63,60.4,59,94,78.6,65,13,9,6,30,30,30,0
2018,8,23,72,67,61,63,57,48,94,71.3,46,20,11.5,6,30,29.9,29.8,0.7
2018,8,24,68,59.5,52,52,46.6,41,88,64.6,37,20,14.8,9,30,29.9,29.8,5.3
2018,8,25,66,58.2,52,48,45.7,43,82,65.1,45,18,9.7,1,30,29.9,29.9,1.5
2018,8,26,66,60.1,55,63,54,46,94,80.3,59,16,9.9,1,30,29.8,29.6,13.6
2018,8,27,66,63.6,59,59,52.4,48,88,67.2,56,18,12.8,7,30,29.9,29.7,0
2018,8,28,70,64.9,61,54,51.6,50,77,62.2,52,9,5.5,2,30.1,30,29.9,0
2018,8,29,68,62.2,57,57,53.6,48,94,74.7,56,13,6.3,2,30.1,30,29.9,9.9
2018,8,30,68,61.3,54,54,47.5,43,82,61.8,40,8,4.6,0,30.2,30.2,30.2,0
2018,8,31,70,62,55,55,53.5,50,94,73.9,53,14,6.2,0,30.3,30.2,30.2,0
2018,9,1,75,65.1,54,55,50.5,46,94,62,38,9,6.2,3,30.3,30.3,30.2,0
2018,9,2,73,64.1,55,55,51.6,45,94,66.5,36,13,6.8,1,30.3,30.2,30.2,0
2018,9,3,75,65,55,55,52.4,46,94,67.6,36,12,4.3,0,30.2,30.1,30.1,0
2018,9,4,68,62.3,59,55,53.7,52,88,72.9,56,10,6.7,1,30.2,30.1,30.1,0
2018,9,5,68,62.7,57,59,55.1,54,88,77.1,64,10,6.4,3,30.2,30.1,30.1,0
2018,9,6,72,62.1,55,57,51.6,46,94,70.7,43,16,8.3,3,30.1,30,29.9,0
2018,9,7,66,59.2,52,46,43.5,39,77,57.5,37,18,12.2,6,30,30,29.9,0
2018,9,8,68,60.6,52,54,50.2,45,82,69.2,52,14,10.1,5,30.1,30,30,0
2018,9,9,75,66.2,61,57,54.8,52,82,67.7,47,20,10.3,5,30.1,30,30,0
2018,9,10,70,64.5,59,57,52.6,46,88,66.8,43,17,12.4,7,30.2,30.1,30.1,0
2018,9,11,72,67.7,63,64,60.3,57,100,77.1,64,20,14.4,7,30.1,30.1,30,1.3
2018,9,12,63,57.4,54,61,51.5,48,100,80.7,67,10,5.1,1,30.2,30.2,30.1,3.1
2018,9,13,68,59.4,50,50,45.5,37,94,64.2,33,12,7,1,30.2,30.2,30.1,0
2018,9,14,66,59.4,52,52,48.2,45,82,67.7,52,16,11.3,6,30.2,30.1,30.1,0
2018,9,15,70,61.8,55,54,51.6,48,88,70.3,46,12,8.6,6,30.2,30.2,30.2,0
2018,9,16,73,65.8,59,59,54,48,83,67.5,41,17,10,5,30.2,30.1,30,0
2018,9,17,79,69.5,64,61,53.9,46,88,60.4,34,14,9.5,3,30,29.9,29.7,0
2018,9,18,73,67.9,64,61,56.7,52,78,67.9,50,21,15.3,5,29.9,29.8,29.7,0
2018,9,19,72,68.2,64,59,57.8,52,78,70,50,25,16.3,9,29.9,29.9,29.8,0
2018,9,20,70,67.9,64,59,57.8,55,83,70.6,60,26,16.9,9,29.9,29.8,29.4,0.9
2018,9,21,68,58.5,54,61,45.6,39,88,63.2,45,30,21.2,12,30,29.8,29.4,2.4
2018,9,22,57,54.1,52,52,48.9,45,94,84.1,72,13,9.3,2,30.1,30,29.9,8.8
2018,9,23,57,52.3,50,52,45.2,36,100,78.9,44,18,8.4,3,30.5,30.1,29.9,12.1
2018,9,24,59,52.5,45,45,40.8,36,93,66.8,42,9,5.6,0,30.7,30.6,30.5,0
2018,9,25,64,54.1,45,43,41.1,39,93,63.8,42,12,5.3,1,30.7,30.6,30.6,0
2018,9,26,72,60.3,48,52,45.5,41,87,61.7,33,15,7.3,3,30.6,30.5,30.4,0
2018,9,27,73,62.8,52,52,45.7,34,94,57.4,23,14,7.3,2,30.4,30.3,30.2,0
2018,9,28,63,57,50,52,43.2,36,82,61.8,39,15,8.1,2,30.5,30.4,30.3,0
2018,9,29,64,54.8,46,46,43.6,41,87,67.4,42,7,2.9,0,30.5,30.3,30.2,0
2018,9,30,59,53.9,46,46,43.4,37,87,68.3,51,15,8.3,5,30.2,30.1,30,0
2018,10,1,59,53.3,46,43,38.9,34,82,59.3,41,14,9.9,6,30.3,30.3,30.2,0
2018,10,2,68,61.3,52,55,51,41,82,69,60,21,14,10,30.2,30.1,30.1,0
2018,10,3,64,60.6,57,54,51.5,50,88,71.9,59,14,7.3,2,30.3,30.3,30.2,0
2018,10,4,63,57,52,55,53.4,52,100,87.8,72,10,6.9,1,30.3,30.2,30.1,0
2018,10,5,72,59.9,50,57,53.2,50,100,80.7,50,8,4,0,30.1,29.9,29.8,0
2018,10,6,57,52,48,54,49,43,100,89.4,82,12,7.8,3,30,29.9,29.8,8.8
2018,10,7,59,51.2,43,43,41.7,39,87,70.8,51,9,5.7,1,30.2,30.2,30,0
2018,10,8,63,55.2,48,48,45.4,39,82,70.2,59,13,7.7,3,30.2,30.1,30.1,0
2018,10,9,70,60,52,52,50.2,48,94,72.1,46,10,6,2,30.1,30.1,30,0
2018,10,10,72,60.6,52,59,55.2,50,100,83.7,60,14,9.4,3,30,29.9,29.7,0
2018,10,11,72,64.9,61,57,56.3,55,82,74.7,60,16,11,7,29.8,29.6,29.6,0.2
2018,10,12,73,67.2,59,57,53.6,48,88,63.2,43,20,14,7,29.9,29.8,29.8,0
2018,10,13,75,71.9,68,61,57.6,54,73,60.9,50,16,12.1,8,29.9,29.8,29.7,0
2018,10,14,68,57.5,52,61,54.1,50,100,89.1,73,10,7,3,29.8,29.7,29.6,12.5
2018,10,15,59,57,52,59,55.7,52,100,95.6,94,8,4.6,2,30,29.8,29.7,10.3
2018,10,16,70,62.4,57,59,56.2,52,100,81.7,60,14,7.8,2,30,30,29.9,0
2018,10,17,59,56.8,54,57,54,50,100,90.4,82,7,3.8,1,30.3,30.1,30,1.3
2018,10,18,61,55.1,48,52,47.4,45,94,76.3,55,12,6,2,30.3,30.3,30.3,0
2018,10,19,61,52.3,46,46,44.5,43,93,75.1,52,6,3.1,1,30.4,30.3,30.3,0
2018,10,20,64,55.3,46,50,47.5,45,93,75.7,56,8,4.6,1,30.5,30.4,30.4,0
2018,10,21,66,58.9,52,55,51,48,94,76.4,56,10,6.6,3,30.4,30.3,30.3,0
2018,10,22,55,51.6,46,48,39,37,77,63.1,51,13,6.3,2,30.6,30.6,30.4,0
2018,10,23,61,53.7,46,50,44.3,39,81,70.9,52,17,10.8,7,30.6,30.4,30.3,0
2018,10,24,64,57.3,50,54,50.1,45,88,76.8,59,13,8.3,5,30.4,30.3,30.3,0
2018,10,25,59,52,46,46,45,43,93,76.8,63,12,7.7,5,30.3,30.1,30,0
2018,10,26,54,50.1,43,48,39.8,34,94,68.3,51,18,11.4,8,30,29.9,29.8,1.3
2018,10,27,46,42.6,39,39,35,32,87,75,66,12,9.6,7,30,29.9,29.9,0
2018,10,28,50,44.6,41,41,37.7,32,93,77.9,50,13,8.1,3,30.1,30,30,1.5
2018,10,29,50,43.3,39,37,35.6,34,87,74,57,10,6.8,3,30,29.7,29.4,0
2018,10,30,50,46.1,43,41,39.5,37,93,78.5,71,17,12.1,5,29.6,29.4,29.3,0
2018,10,31,55,47.7,39,50,40.1,32,100,75.5,54,14,7.3,1,29.8,29.7,29.7,0.4
2018,11,1,54,51.2,45,52,47.9,37,100,89.4,76,14,7,2,30,29.7,29.6,11.2
2018,11,2,54,45.1,39,39,36.8,36,93,74,58,10,6.6,3,30.4,30.2,30,0
2018,11,3,57,50,45,45,39.9,36,76,68,55,15,7.6,3,30.3,30.2,30,0
2018,11,4,57,50.9,46,48,44.1,39,94,77.7,63,10,6.8,1,30,29.8,29.7,0
2018,11,5,59,52.6,48,52,49.9,46,100,90.9,77,10,7,2,29.7,29.6,29.6,0
2018,11,6,61,56.8,52,54,52.2,50,100,84.4,72,14,8.3,3,29.5,29.5,29.4,0
2018,11,7,57,55,48,52,49.4,43,94,81.5,72,20,13,7,29.8,29.5,29.4,5.3
2018,11,8,54,49.9,48,45,44,41,87,79.5,62,13,10.1,8,30,29.9,29.9,0
2018,11,9,57,51.6,45,50,46.5,43,100,83,63,18,10.8,5,29.9,29.6,29.3,5.5
2018,11,10,59,53.4,50,52,49.1,46,94,86.4,67,13,7.4,3,29.4,29.3,29.3,19.1
2018,11,11,57,53.2,50,50,46.1,43,94,78,59,17,8.9,5,29.7,29.5,29.3,4
2018,11,12,59,54.2,52,50,47.5,46,88,79.8,72,15,9.8,6,29.9,29.8,29.8,1.5
2018,11,13,57,53.1,50,48,45.7,43,88,76.6,59,14,9.2,3,30.3,30.1,29.9,0
2018,11,14,59,54.8,52,52,47.5,43,100,78.4,55,15,7.6,3,30.3,30.2,30.1,0
2018,11,15,59,54.9,52,55,52.6,50,100,92.1,82,10,6,2,30.2,30.1,30.1,0
2018,11,16,54,50.2,48,52,49.5,48,100,98,94,14,8.3,3,30.3,30.3,30.2,0
2018,11,17,54,48.4,46,48,44.1,39,100,84.6,58,18,11.7,6,30.3,30.3,30.3,0.2
2018,11,18,52,47.5,45,43,39.5,34,87,74.3,62,20,10.2,5,30.3,30.3,30.3,0
2018,11,19,48,45.4,41,41,37.4,34,93,74.1,66,20,12.8,5,30.3,30.1,29.9,2.2
2018,11,20,43,40.5,37,37,36.6,36,93,86.4,76,14,9.2,3,29.9,29.8,29.7,5.5
2018,11,21,46,39.8,36,37,35.5,32,93,84.3,61,14,7,2,30.1,29.9,29.7,0.7
2018,11,22,43,39,34,41,36.2,32,100,90.3,87,6,3.6,1,30.1,30,30,0
2018,11,23,48,45.1,41,45,43.5,37,100,92.6,87,12,6.8,3,30,29.9,29.8,0
2018,11,24,50,47.3,46,46,43.4,39,93,84.7,76,17,9.8,3,29.8,29.8,29.8,0.1
2018,11,25,48,45.8,41,41,39.6,37,87,79.5,66,16,8.6,3,29.8,29.8,29.8,0
2018,11,26,46,45,43,41,39.8,37,87,82.3,76,8,5.6,2,30,29.9,29.8,0.1
2018,11,27,52,44.5,39,48,42.3,39,100,92.4,81,16,7.8,1,30,29.9,29.8,4.2
2018,11,28,59,55.5,50,54,52.1,46,94,87.7,82,20,12.1,3,29.8,29.7,29.7,4.6
2018,11,29,59,55,50,54,48.6,45,94,79.1,63,29,13.8,8,29.7,29.6,29.4,2
2018,11,30,54,50.2,46,45,42.3,39,87,74.4,58,16,9.4,6,29.8,29.7,29.6,0
2018,12,1,57,51.9,46,54,47.8,39,94,85.7,76,15,9.5,2,29.8,29.6,29.4,6.4
2018,12,2,61,57.9,54,55,53.4,50,94,84.3,72,17,13.3,7,29.4,29.4,29.4,1.3
2018,12,3,57,53.1,45,52,46,37,94,77,66,18,12.8,6,29.9,29.5,29.4,0.9
2018,12,4,48,44.8,41,41,38.6,37,93,79.5,71,9,5,2,30.2,30.1,29.9,1.3
2018,12,5,57,51.5,45,54,49.2,41,100,90.9,77,16,9.7,3,30.2,29.9,29.8,5.3
2018,12,6,57,55.2,52,54,51,48,94,85.5,77,17,11.8,7,30,29.9,29.8,0.2
2018,12,7,57,51.9,46,54,45.3,36,88,77.9,58,20,15.5,8,29.8,29.6,29.4,6.4
2018,12,8,54,50.8,46,50,42.3,39,88,72.9,62,24,19.3,13,29.7,29.6,29.4,0.2
2018,12,9,52,50.3,46,45,41.1,39,82,70.8,62,23,16,8,30.2,29.8,29.4,1.1
2018,12,10,50,47.1,45,41,40.8,39,87,78.2,71,16,9.6,5,30.3,30.3,30.2,0
2018,12,11,48,43.9,39,43,39.8,39,100,86.2,71,9,5,0,30.3,30.3,30.2,0
2018,12,12,46,43.5,39,43,35.3,28,93,73.7,50,15,10.3,6,30.2,30.2,30.1,0
2018,12,13,43,38.3,36,36,31.7,28,93,77.2,61,22,13.2,6,30.1,30.1,30,0
2018,12,14,41,38.1,36,30,28.6,25,75,68.5,60,13,5.5,2,30.2,30.2,30.1,0
2018,12,15,48,38.9,36,45,32.5,25,93,78.1,65,20,12.8,6,30.2,29.9,29.6,11.2
2018,12,16,50,46.8,43,46,41.9,39,93,82.6,71,14,7.4,2,29.8,29.7,29.6,6.2
2018,12,17,52,47.6,43,46,42.4,39,87,82.6,67,16,9.8,6,30.1,30,29.8,0
2018,12,18,54,50.8,46,46,43.9,39,93,77.7,62,17,12.5,6,30,29.8,29.6,4.2
2018,12,19,50,48.1,46,46,42.9,41,87,81,71,14,8.8,3,29.7,29.6,29.6,2
2018,12,20,52,48.8,46,48,42.1,41,94,77.2,67,16,9.9,6,29.8,29.7,29.6,0
2018,12,21,57,54.1,50,54,46.9,41,94,77.6,58,28,15.7,6,29.7,29.5,29.4,9.5
2018,12,22,54,51.1,48,48,44.6,41,87,78.3,67,21,12.6,8,30.1,30,29.7,0
2018,12,23,57,49.6,45,52,46.9,43,100,89.8,82,17,7.5,2,30.2,30,29.9,5.1
2018,12,24,46,43.2,37,43,39.5,37,100,87.7,76,6,3.1,0,30.6,30.5,30.3,0
2018,12,25,48,41,32,43,38.8,32,100,91.6,76,6,2.8,1,30.6,30.5,30.5,0
2018,12,26,50,46.8,43,45,43.9,39,100,88.2,81,6,3.2,0,30.5,30.4,30.3,0.2
2018,12,27,48,42.8,39,43,40.3,39,100,91.2,76,6,2.4,0,30.3,30.3,30.3,0
2018,12,28,52,47.7,43,45,42.7,41,93,82.7,67,9,6.2,5,30.5,30.4,30.3,0
2018,12,29,55,51.5,48,50,46.6,43,93,83.9,77,15,9.7,3,30.5,30.5,30.4,0
2018,12,30,52,49.8,46,48,46.8,45,100,90.4,76,12,8,3,30.6,30.5,30.5,0
2018,12,31,52,50,48,45,42.9,41,82,76.2,71,12,8.1,5,30.6,30.6,30.5,0
2019,1,1,52,48.6,43,45,39.9,32,82,71.7,61,14,9,5,30.7,30.6,30.5,0
2019,1,2,43,42.4,41,36,34.2,32,81,72.5,66,8,5.9,3,30.8,30.8,30.7,0
2019,1,3,43,41.3,37,36,32,28,81,70.1,57,6,3.8,1,30.8,30.8,30.8,0
2019,1,4,41,38.5,36,34,29.6,27,81,70.4,61,9,4.6,0,30.8,30.7,30.7,0
2019,1,5,45,42.3,41,36,33.8,32,76,71.9,66,10,7.8,6,30.7,30.6,30.6,0
2019,1,6,50,47,43,43,39.8,36,82,76.4,71,9,6.4,3,30.6,30.6,30.6,0
2019,1,7,54,50.3,48,48,43.7,37,88,78.6,62,18,11.6,3,30.6,30.4,30.3,0
2019,1,8,50,46.4,43,37,35.3,32,71,64.9,54,17,11.7,5,30.4,30.3,30.3,0
2019,1,9,43,40.7,37,36,33.2,32,87,74.2,66,13,9,6,30.4,30.4,30.3,0.1
2019,1,10,45,39.6,36,41,35.3,32,93,84.8,70,8,5.5,2,30.4,30.4,30.4,0
2019,1,11,48,46.3,45,43,40.3,37,93,79.5,71,10,6.2,3,30.4,30.4,30.4,0
2019,1,12,52,49.2,46,46,41.6,37,87,74.8,66,17,13.1,8,30.3,30.2,30,0.2
2019,1,13,54,52.4,50,46,43.4,36,82,71.9,54,23,17.3,10,30,29.9,29.8,0
2019,1,14,50,47.4,45,39,36.9,36,71,66.9,58,18,11.8,8,30.2,30.1,29.9,0
2019,1,15,50,46.1,39,43,39.3,34,87,76.8,66,15,10.7,6,30.2,30.1,29.9,0
2019,1,16,50,46.8,41,46,42.9,37,93,85.9,81,20,11.7,5,29.9,29.7,29.5,3.7
2019,1,17,43,39.8,36,39,30.4,25,93,69.8,53,18,10.8,5,30.1,29.8,29.6,0.9
2019,1,18,45,38.8,34,32,29,27,81,68.5,57,13,6.9,0,30.1,30,29.9,0
2019,1,19,43,39.2,36,37,33.6,30,87,79.6,75,13,8.3,5,29.9,29.8,29.8,0
2019,1,20,41,36.4,34,32,29.8,28,87,78.9,61,7,3.4,2,30.2,30,29.9,0
2019,1,21,45,37.9,30,36,32,28,93,80.1,57,13,5.7,0,30.3,30.1,29.8,0
2019,1,22,45,39.8,34,41,34.7,30,100,82.8,61,13,7.7,2,29.8,29.6,29.4,7.7
2019,1,23,37,35.8,34,32,31,30,93,84.5,75,12,6.3,2,29.8,29.6,29.4,0
2019,1,24,41,37,32,37,33.4,28,93,87.3,81,9,5.1,1,30,29.9,29.8,0.4
2019,1,25,54,45.9,37,48,42.3,36,100,87.7,76,13,8.5,1,30,29.9,29.9,0.9
2019,1,26,52,48.4,46,46,42.9,41,93,80.6,67,17,13,9,29.9,29.6,29.1,5.7
2019,1,27,48,43.6,39,43,34.9,30,87,72,61,25,17.9,10,29.4,29.3,29,2.9
2019,1,28,43,38.8,34,30,26.6,21,75,62.4,42,17,11.7,6,29.8,29.7,29.5,0
2019,1,29,45,38.9,34,37,31.1,25,93,74.2,57,12,7.3,3,29.8,29.5,29.3,6.6
2019,1,30,41,37.1,34,34,29.9,27,87,76.5,61,12,6.6,2,29.4,29.4,29.3,0
2019,1,31,39,34.1,30,32,29.3,27,93,84.1,61,22,11.4,1,29.4,29.3,29,2.2
2019,2,1,37,36.1,34,36,34.2,32,100,92.2,87,21,10.9,3,29.4,29.2,29,13.2
2019,2,2,41,37.9,36,34,31.1,28,93,77.4,65,13,9.3,7,30,29.7,29.4,0
2019,2,3,45,38.6,30,39,29.4,25,86,70.5,53,13,8.1,5,30.3,30.2,30,0
2019,2,4,48,46.4,45,46,42.8,39,100,86.6,76,20,10.7,0,30.2,30.1,30,7.3
2019,2,5,48,46,43,45,43.2,41,100,89.1,82,12,6.6,1,30.3,30.2,30.1,1.8
2019,2,6,54,50.3,48,48,45.9,41,94,85.8,62,10,7.5,6,30.1,30,29.6,4.4
2019,2,7,52,47.5,45,46,37.5,34,82,68.1,58,30,18.1,8,29.8,29.7,29.5,0.2
2019,2,8,54,50.2,46,48,44.8,39,88,82.1,71,26,17.2,8,29.8,29.5,29.3,4.2
2019,2,9,52,48,46,41,37.5,34,81,66.5,50,28,18.3,7,29.6,29.5,29.4,0
2019,2,10,46,44.1,41,43,38.1,32,93,80.6,66,22,12.2,1,29.8,29.4,29.2,2.9
2019,2,11,48,44,39,36,35,34,87,70.2,57,10,6,1,30.5,30.2,29.8,0
2019,2,12,54,46.9,41,43,39,34,87,74.6,58,15,7.8,3,30.5,30.5,30.5,0
2019,2,13,54,47.8,41,43,41.2,37,93,78.1,58,13,6.9,1,30.5,30.5,30.5,0
2019,2,14,55,44.5,36,41,37.9,34,100,79.1,54,9,4.7,1,30.5,30.4,30.4,0
2019,2,15,59,47,37,41,37.1,34,100,71.4,42,9,4.1,0,30.4,30.3,30.2,0
2019,2,16,55,50.5,45,50,46.1,37,94,85.4,71,10,6.2,2,30.2,30.2,30.1,0
2019,2,17,59,50,41,48,43.2,39,100,79.6,55,14,7.8,2,30.1,30,29.9,0
2019,2,18,52,48.3,45,46,43.8,39,93,84.2,76,12,8.3,5,30,30,29.9,1.5
2019,2,19,52,46.6,41,41,38.5,36,87,74.7,54,14,9.7,7,30.1,30.1,30,0
2019,2,20,55,49.6,46,43,41.9,39,87,74.8,58,15,9.4,5,30.2,30.1,30,0
2019,2,21,59,51.8,46,48,45.1,43,93,78.7,63,15,8.6,3,30.5,30.3,30.2,0
2019,2,22,57,47.5,43,48,44.6,43,100,90.2,63,14,6.3,1,30.6,30.5,30.5,0
2019,2,23,61,49.9,45,50,44.5,41,100,83.9,59,9,5.9,1,30.6,30.5,30.5,0
2019,2,24,57,46.1,39,48,39.8,36,100,81.4,44,10,5,1,30.6,30.6,30.5,0
2019,2,25,64,48.1,37,43,36.7,27,93,69.5,26,12,5.1,1,30.6,30.6,30.6,0
2019,2,26,64,49.6,39,45,40.1,34,87,71.6,45,9,4.8,0,30.6,30.5,30.4,0
2019,2,27,66,51.6,39,45,41.7,37,100,72.2,40,8,4.2,1,30.4,30.2,30.1,0
2019,2,28,55,51.2,46,50,45.8,43,94,82.4,72,18,9.9,0,30.1,30,29.9,4.8
2019,3,1,52,49.9,46,46,43.8,39,93,79.8,62,9,6,1,30.1,30,30,0.2
2019,3,2,59,52.4,48,50,46,43,94,79.9,55,18,11.1,5,30,29.8,29.6,0
2019,3,3,55,53.2,50,50,47.1,39,100,80.8,62,23,15.7,1,29.6,29.4,29.2,4.4
2019,3,4,52,45.5,41,43,37.1,34,87,72.9,54,22,15.5,8,29.5,29.3,29.1,4.4
2019,3,5,54,47.8,39,46,38.4,34,87,71.4,47,16,11.3,8,29.6,29.6,29.5,0.7
2019,3,6,55,52.9,50,48,46.1,41,87,77.9,71,17,13.5,9,29.5,29.2,29.1,3.5
2019,3,7,54,48.4,45,41,38.1,32,81,68.8,44,31,19.1,12,29.6,29.3,29.1,0.9
2019,3,8,52,47.4,41,46,39.3,32,87,74.4,50,16,11.6,7,29.9,29.8,29.7,2.6
2019,3,9,55,50.4,46,46,38.6,30,87,65.5,41,30,16.1,1,30,29.9,29.8,1.8
2019,3,10,52,46.1,39,48,36.5,23,100,72,35,33,18.6,3,30,29.8,29.4,9.7
2019,3,11,52,45.7,39,39,30.6,27,75,57.1,38,23,16.1,6,30.3,30.2,30,0
2019,3,12,50,46,41,46,40.3,34,87,80.5,66,24,17.6,10,30.1,29.7,29.4,7.7
2019,3,13,52,48.7,43,39,35.5,32,71,60.5,50,29,20.8,14,29.9,29.7,29.6,0
2019,3,14,57,51.5,46,46,40.6,36,93,67.9,44,30,18.7,9,29.9,29.7,29.5,4
2019,3,15,59,55.4,50,50,47.8,45,94,76.8,63,28,19.7,7,29.8,29.7,29.6,2.6
2019,3,16,55,52.9,48,50,45.1,43,94,76.3,63,28,20.7,12,29.8,29.6,29.4,3.5
2019,3,17,50,45.5,41,41,35.8,28,81,70,43,25,14.7,3,29.9,29.7,29.4,1.5
2019,3,18,54,47.3,43,39,36.8,34,81,68.2,47,13,9.3,3,30.2,30.1,29.9,0
2019,3,19,57,50.3,45,46,44.2,39,100,80.5,63,12,7.3,3,30.4,30.3,30.2,0.9
2019,3,20,55,52.7,50,46,45.8,45,87,78.1,67,12,8.2,6,30.5,30.5,30.4,0
2019,3,21,59,54.2,50,48,46.2,45,87,75.1,63,12,6.4,3,30.5,30.5,30.4,0
2019,3,22,54,51.3,48,46,44.6,43,82,77.3,71,12,7.9,5,30.4,30.4,30.3,0
2019,3,23,55,50.3,45,45,40.8,36,82,70.8,51,13,6.9,2,30.5,30.4,30.3,0
2019,3,24,57,48.5,39,39,34.8,30,93,62.4,38,15,7.9,1,30.5,30.4,30.3,0
2019,3,25,54,49.1,45,39,34.2,30,76,57.7,41,15,9.6,2,30.6,30.4,30.3,0
2019,3,26,55,47.9,39,37,35.9,34,81,63.9,44,10,5.5,0,30.6,30.5,30.5,0
2019,3,27,55,50.4,46,39,36.9,36,71,60.5,51,9,3.8,0,30.6,30.6,30.5,0
2019,3,28,57,52,46,41,37.8,37,76,59.6,48,10,4.2,0,30.6,30.6,30.5,0
2019,3,29,63,52,43,45,41.1,37,87,68.3,45,13,4.7,0,30.5,30.4,30.2,0
2019,3,30,64,55.3,45,46,43.7,41,93,66.6,42,7,2.9,1,30.2,30.1,30.1,0
2019,3,31,54,49,43,45,40.1,36,82,71.7,51,21,12.9,3,30.3,30.2,30.2,0
2019,4,1,55,47.1,39,41,37.7,36,87,71.4,51,15,9.3,3,30.3,30.1,29.8,0
2019,4,2,48,44.6,39,43,39,34,93,81.3,62,15,7.7,0,29.8,29.6,29.5,2.6
2019,4,3,48,41.9,37,37,35.2,30,93,77.2,53,14,5.1,1,29.5,29.5,29.4,2.2
2019,4,4,50,44.4,36,39,35.9,32,93,72.4,54,18,11.1,6,29.5,29.4,29.3,0.4
2019,4,5,57,50.1,45,43,36.9,28,82,62,36,18,13.3,9,29.7,29.6,29.5,0
2019,4,6,50,47.9,45,45,43.7,41,93,83.8,76,14,9.4,3,29.7,29.7,29.7,0
2019,4,7,54,49,45,48,46.1,43,100,90.8,82,8,5.3,1,29.8,29.8,29.7,0.4
2019,4,8,55,50.4,46,48,46.4,45,100,86.7,72,7,3.9,1,29.9,29.8,29.8,1.8
2019,4,9,54,49,46,48,43.8,37,100,83.3,58,15,8,3,30,29.9,29.9,2.4
2019,4,10,54,47,41,39,34.6,30,81,63.5,44,17,10.8,5,30.2,30.1,30,0
2019,4,11,52,44.1,37,34,31.5,30,75,61.8,47,14,9.1,3,30.3,30.3,30.2,0
2019,4,12,50,44.5,37,36,31.5,28,75,61,43,14,8,2,30.3,30.3,30.3,0
2019,4,13,46,28.3,0,37,22.6,0,81,51.8,0,13,4.1,0,30.3,21.5,0,0.9
2019,4,14,50,42.9,34,37,32,27,87,67.6,40,20,9.2,2,30.3,30.3,30.2,0
2019,4,15,55,48.4,41,43,38.2,34,87,69.5,51,20,11.7,2,30.3,30.1,30,0
2019,4,16,63,53,45,46,44.2,41,87,72.9,55,13,5.1,1,30,30,29.9,0.1
2019,4,17,64,54.1,46,50,45.5,43,94,73.8,49,16,6.7,2,30.2,30.1,30,0
2019,4,18,68,57.3,46,52,45.5,41,100,67.8,40,17,8.9,1,30.3,30.2,30.2,0
2019,4,19,72,60.1,48,46,44.1,43,82,57.7,35,15,6.4,1,30.4,30.4,30.3,0
2019,4,20,73,61.1,50,48,44.3,41,76,56.2,31,14,6.4,0,30.4,30.4,30.3,0
2019,4,21,72,59.6,50,50,41.9,34,76,54.5,30,16,7.5,0,30.3,30.1,29.9,0
2019,4,22,73,60,48,50,45.5,39,82,61.1,33,17,7.5,1,29.9,29.7,29.5,0
2019,4,23,66,58.6,54,50,46.9,43,82,66.1,52,14,7.4,1,29.5,29.4,29.3,0
2019,4,24,64,56.3,48,55,47.6,41,94,73.5,55,18,9.5,3,29.4,29.4,29.3,0.2
2019,4,25,61,55.2,50,48,44.1,39,88,68.3,45,16,11,7,29.7,29.5,29.4,0
2019,4,26,63,54.4,48,48,44.2,37,94,70,42,18,10.9,3,29.8,29.8,29.7,0
2019,4,27,55,51.3,48,45,37,32,76,59,41,29,20,13,30,29.8,29.7,0.7
2019,4,28,55,51.6,46,45,40.9,36,82,66.9,58,18,10.8,2,30.2,30.1,30,0.7
2019,4,29,59,51,45,46,44,41,93,77.8,51,13,5.5,1,30.3,30.3,30.3,0
2019,4,30,61,52.8,46,46,44.6,43,93,74.4,52,13,6.1,1,30.3,30.2,30.2,0
2019,5,1,64,55.6,45,46,44.4,41,93,67.3,45,13,5.9,2,30.1,30,30,0
2019,5,2,61,55.5,50,48,44.7,41,87,68.8,48,15,8.5,3,30,29.9,29.9,5.1
2019,5,3,57,50.4,45,46,44.1,39,93,79,55,10,4.9,1,30,29.9,29.9,2.6
2019,5,4,50,46.4,43,39,35.5,30,76,66.7,47,17,10.3,5,30.3,30.1,30,1.5
2019,5,5,54,48.3,41,37,32.8,28,81,57.5,41,12,6.4,2,30.3,30.3,30.2,0
2019,5,6,55,51,46,37,33.9,30,66,52.5,38,14,8.7,3,30.2,30.1,30.1,0
2019,5,7,61,54.2,48,39,36.5,32,71,52.4,36,12,7.7,5,30.1,29.9,29.7,0
2019,5,8,61,53.4,48,50,46.1,39,94,77.7,55,17,10.6,3,29.7,29.3,29.3,13.6
2019,5,9,59,53.2,48,52,47.2,45,94,81.5,63,15,5.9,2,29.7,29.4,29.3,0.4
2019,5,10,57,54.5,52,45,43.2,41,76,65.7,55,7,5.2,2,29.8,29.8,29.8,0.4
2019,5,11,57,52.8,48,48,43.9,39,94,72.9,51,12,5.5,2,30.4,30.1,29.8,0.4
2019,5,12,63,53.3,45,45,40.3,34,93,63.9,36,17,7.3,1,30.7,30.6,30.4,0
2019,5,13,61,53.1,45,43,40.7,37,87,64.5,45,16,8.4,2,30.7,30.7,30.6,0
2019,5,14,63,55.1,46,45,41.3,37,87,62.1,42,17,11,3,30.6,30.5,30.4,0
2019,5,15,66,55.9,45,54,43.5,39,87,65.1,40,17,8.1,2,30.4,30.3,30.2,0
2019,5,16,63,55.1,46,48,40.4,28,87,60.6,29,22,10.6,2,30.2,30.1,29.9,0
2019,5,17,57,53.7,48,52,47.6,43,94,80.5,67,14,6.9,1,29.9,29.8,29.7,0.4
2019,5,18,64,57.5,52,52,48.3,45,94,73.3,49,9,3.2,1,29.8,29.7,29.7,2.4
2019,5,19,64,58.5,52,52,50.5,48,94,75.8,56,10,4.6,0,29.8,29.8,29.8,0
2019,5,20,68,61.1,55,52,49.1,46,88,66.4,46,12,5.3,0,30,29.9,29.8,0
2019,5,21,68,61.4,54,48,44.3,41,77,55,40,13,6.4,0,30.1,30,30,0
2019,5,22,70,62,54,48,41.3,37,77,47.8,33,12,6.1,0,30.1,30.1,30,0
2019,5,23,75,64.6,54,46,43.2,37,67,47.7,29,13,8.2,5,30,30,29.9,0
2019,5,24,73,64.1,55,55,48.1,45,82,57.6,38,14,7.9,3,30,30,30,2.6
2019,5,25,73,66.2,59,54,49.4,41,77,56.7,31,13,8.5,3,30.1,30,30,0
2019,5,26,72,65.1,57,59,53.8,45,78,67,57,18,11.8,5,30,29.9,29.8,1.3
2019,5,27,66,60,54,48,44.7,41,77,58.1,42,17,12.4,5,29.9,29.8,29.8,0
2019,5,28,63,56.6,52,48,45.6,43,88,68,48,15,8.8,2,30,29.9,29.8,0.2
2019,5,29,64,57.5,52,57,48.8,39,94,75.4,42,16,9.6,3,30.1,30.1,30,0.7
2019,5,30,75,67.2,61,57,54.6,50,82,65.6,50,16,12.6,8,30.2,30.1,30,0.2
2019,5,31,70,64.5,59,54,52.3,50,77,64.4,56,14,9.8,7,30.2,30.2,30.1,0
2019,6,1,81,69.4,55,57,51.8,43,88,56.7,28,12,6.8,3,30.2,30.1,29.9,0
2019,6,2,81,71.3,61,59,54.6,48,83,57.9,34,18,11.5,2,29.9,29.8,29.8,0
2019,6,3,70,62,55,50,46.1,41,82,57.4,40,15,11.3,6,29.9,29.9,29.8,0
2019,6,4,64,59,54,61,52.7,48,94,80.2,59,18,9,3,29.9,29.7,29.5,2.2
2019,6,5,66,60.8,57,54,47.9,43,88,64,43,13,9,6,29.8,29.7,29.6,0
2019,6,6,66,59.9,52,46,42.3,37,82,55,35,16,9.9,6,29.8,29.8,29.7,0.2
2019,6,7,64,58.9,55,55,52.4,45,94,78.6,59,22,12.2,3,29.8,29.6,29.4,2.9
2019,6,8,66,59.1,54,54,47.5,41,94,67.3,42,26,16.4,7,30.1,29.9,29.5,3.1
2019,6,9,68,60,52,50,44.5,41,88,58.9,37,13,6.6,2,30.2,30.1,30,0.4
2019,6,10,59,54.6,50,54,51.1,46,94,88.1,63,13,6.2,0,30,29.9,29.8,21.3
2019,6,11,66,58.1,54,54,51.5,46,94,79.4,49,13,5.8,2,29.9,29.8,29.8,1.5
2019,6,12,61,56,54,54,51.7,50,94,85,68,7,4.7,1,29.9,29.8,29.7,5.3
2019,6,13,63,57.7,54,54,51,48,94,78.8,63,20,12,5,29.8,29.7,29.7,2.6
2019,6,14,66,61.4,57,54,51,48,88,68.8,52,16,10.9,5,29.9,29.8,29.8,1.5
2019,6,15,66,60.8,55,55,50.7,46,88,69.8,49,16,9.1,2,30,29.9,29.9,0.4
2019,6,16,68,61.2,52,57,52.2,50,94,73.2,56,20,11.1,2,30.1,30,30,0.4
2019,6,17,72,64.2,57,54,50.2,46,88,61.8,43,14,9.8,3,30.1,30,30,0
2019,6,18,68,62.3,57,61,54.3,48,94,75.7,52,9,5,2,30,29.9,29.8,4.6
2019,6,19,68,62.5,57,61,57,55,94,83.3,68,13,5.7,0,29.8,29.7,29.7,5.5
2019,6,20,68,62.8,59,59,50.8,46,94,66.6,46,16,10.8,6,30,29.9,29.8,0.4
2019,6,21,68,62.7,54,54,47,43,82,58.3,40,13,7.8,2,30.1,30.1,30,0
2019,6,22,72,63.9,55,52,48.4,41,82,59.1,37,18,9.2,0,30.2,30.1,30.1,0
2019,6,23,73,65.7,55,61,57.9,52,88,76.4,61,16,9.7,3,30.1,30,29.9,0
2019,6,24,77,71.6,64,64,61.3,57,94,70.6,50,9,5.8,2,30,30,29.9,0
2019,6,25,75,68.7,63,66,63.4,59,94,83.8,69,17,5.7,0,30.2,30.1,30,6.8
2019,6,26,70,63.4,59,59,57.5,54,94,81.9,68,16,9.9,5,30.4,30.3,30.2,0
2019,6,27,72,62.9,57,57,53.7,50,88,72.3,53,20,15.3,12,30.4,30.4,30.3,0
2019,6,28,70,63.8,59,59,55.6,54,94,75.3,64,20,15.5,6,30.3,30.2,30.1,0
2019,6,29,91,76.8,59,66,60.6,57,94,61.5,33,17,8.7,3,30.1,29.9,29.8,0
2019,6,30,77,69.9,63,64,54.9,50,78,59.2,44,20,13.9,9,30,30,29.8,0
2019,7,1,72,65.7,59,54,50.8,48,82,59.6,46,16,11.9,6,30.2,30.1,30,0
2019,7,2,72,64.2,55,55,49.6,46,82,60.8,43,12,6.7,3,30.3,30.2,30.2,0
2019,7,3,72,64.4,57,55,49.8,45,82,60.9,43,14,7.3,1,30.3,30.3,30.3,0
2019,7,4,79,68.6,55,59,50.8,46,82,55.6,34,8,4.1,1,30.3,30.2,30.1,0
2019,7,5,79,72.7,64,57,52.6,46,68,50.3,36,12,7.2,2,30.1,30,29.9,0
2019,7,6,75,68,63,61,56.1,48,94,67,49,9,6,0,30,29.9,29.9,1.1
2019,7,7,70,62.9,59,59,53.2,46,100,72.5,49,15,8.4,3,30.1,30,30,2.2
2019,7,8,72,64.3,57,54,50.4,45,77,61.6,43,17,8.2,2,30.2,30.1,30.1,0
2019,7,9,73,67,61,55,52.6,50,72,60.5,50,9,6.2,3,30.2,30.1,30.1,0
2019,7,10,79,71.2,64,61,56.1,50,73,60,47,14,8.5,3,30.1,30,29.9,0
2019,7,11,79,71.7,64,57,54.2,50,64,54.2,42,14,8.8,5,29.9,29.9,29.8,0
2019,7,12,75,70.3,64,59,54.7,52,78,58.6,44,17,11.1,7,30.1,29.9,29.9,0
2019,7,13,72,66.9,61,59,55.4,54,83,67.5,56,10,7.1,3,30.2,30.1,30.1,0
2019,7,14,70,64,59,57,53.4,50,88,69.3,49,14,6.4,2,30.2,30.2,30.2,3.3
2019,7,15,70,62.9,57,55,51.6,50,82,66.9,49,12,6,2,30.2,30.2,30.1,0
2019,7,16,81,69.3,57,57,52.3,46,82,57.4,32,10,6.6,2,30.1,30.1,30,0
2019,7,17,79,70.4,61,55,52.7,46,77,55.4,34,13,7.7,3,30,29.9,29.8,0
2019,7,18,75,67.8,63,63,55.4,50,94,66,44,15,9.7,5,29.9,29.8,29.8,2.2
2019,7,19,68,64.6,59,63,57.5,50,94,77.8,59,14,9,5,29.9,29.8,29.8,5.9
2019,7,20,77,68.6,63,63,58.2,54,94,70.9,44,20,12.4,5,30,29.8,29.7,9.2
2019,7,21,73,67.1,59,57,54.8,54,82,65.8,50,13,9.5,6,30.2,30.1,30,0
2019,7,22,81,72,63,64,62,57,83,71.6,58,14,10,5,30.2,30.1,30.1,0
2019,7,23,91,77.3,66,64,62.5,57,88,63.4,31,16,8.8,0,30.1,30,29.8,0
2019,7,24,90,80.8,72,66,60.5,50,83,53.4,27,14,8.2,0,29.9,29.9,29.8,1.1
2019,7,25,99,84.3,70,68,63.1,57,78,50.8,32,20,8.1,2,29.9,29.8,29.8,0
2019,7,26,81,73.5,68,66,62.5,57,88,69.3,48,13,7.8,2,29.9,29.8,29.8,2
2019,7,27,70,65.7,63,63,60.5,59,94,83.2,78,14,10.1,6,29.8,29.7,29.7,11
2019,7,28,73,66.7,63,57,55.4,50,82,68.5,46,18,12,2,29.8,29.7,29.6,0
2019,7,29,77,69.5,59,57,53.7,50,82,58.1,39,16,8.9,5,29.8,29.8,29.7,0
2019,7,30,70,66.5,64,61,58.2,55,88,74.8,60,20,13.2,5,29.8,29.7,29.6,5.5
2019,7,31,73,68.1,63,59,53.9,45,88,62.7,38,20,14.3,10,30,29.9,29.8,0
2019,8,1,77,68.9,61,59,55.7,52,82,63.7,47,10,7.1,5,30,30,30,0
2019,8,2,77,68.2,61,61,58,54,94,71.8,47,14,6.7,2,30.1,30.1,30,0
2019,8,3,75,68.3,63,61,57.7,55,88,70.3,50,10,6.1,2,30.1,30.1,30,0
2019,8,4,79,69.9,61,61,58.7,57,88,68.9,47,12,8.4,2,30,29.9,29.8,0
2019,8,5,77,68.5,63,64,56.9,52,88,68.2,41,16,10.9,5,29.8,29.8,29.8,0.9
2019,8,6,75,67.7,61,57,56.2,54,88,68,50,18,12,6,29.8,29.7,29.7,0.4
2019,8,7,73,66.7,61,59,56.1,54,82,70,53,15,11.3,7,29.8,29.7,29.7,1.1
2019,8,8,75,68.6,59,63,56.6,52,88,66.8,47,12,8.3,6,29.8,29.8,29.7,0
2019,8,9,77,70.4,63,66,62,59,94,75.5,54,23,13.8,7,29.7,29.5,29.5,6.4
2019,8,10,72,66.4,63,61,56.2,54,88,70.4,57,26,19,13,29.8,29.6,29.4,1.3
2019,8,11,72,66.2,61,55,53.9,52,82,65.9,50,18,13.3,7,29.9,29.8,29.8,0
2019,8,12,66,60,57,55,53.4,46,88,79.5,55,9,6.1,1,30,29.9,29.9,4
2019,8,13,72,62.8,54,52,48.1,41,88,61.6,35,15,9.5,5,30,30,30,0
2019,8,14,64,62.1,59,63,57.5,52,94,85.1,77,14,8.3,3,30,29.9,29.7,13.4
2019,8,15,73,66.3,61,61,53.9,48,88,66.1,44,20,13.9,6,30,29.9,29.7,0
2019,8,16,68,63,59,61,56.6,54,94,79.2,60,16,11.1,3,30,29.8,29.6,3.7
2019,8,17,73,66.6,63,63,56.5,54,94,71.3,50,15,11.7,6,29.7,29.6,29.6,0.2
2019,8,18,72,63.9,59,57,53.9,48,88,71.6,46,20,10.5,5,29.8,29.7,29.6,4.8
2019,8,19,70,63.3,57,57,52.1,45,82,67.3,46,16,11.9,8,30.1,29.9,29.8,0.4
2019,8,20,72,63.3,55,52,47.3,43,82,58.3,35,15,9.3,5,30.3,30.2,30.1,0
2019,8,21,73,64.6,57,54,50.8,48,77,61.8,43,10,7.3,3,30.3,30.3,30.3,0
2019,8,22,75,66.8,57,57,54,50,88,64.8,47,14,8.9,3,30.3,30.2,30.2,0
2019,8,23,81,69.4,61,61,58.4,57,88,69.6,45,13,5.9,1,30.3,30.2,30.2,0
2019,8,24,84,71.4,59,63,57.6,52,88,65.9,33,12,5.5,2,30.2,30.1,30,0
2019,8,25,90,75.2,63,63,59.6,54,88,62.3,29,12,6.5,2,30.1,30,30,0
2019,8,26,90,77.3,66,64,59.8,54,83,58.6,31,9,5.2,0,30.1,30,30,0
2019,8,27,91,78.3,66,66,61,55,83,57.5,33,9,5.6,1,30,29.9,29.9,0
2019,8,28,79,70.8,66,63,57.9,52,83,64.7,39,13,9.3,5,30,29.9,29.9,0.2
2019,8,29,75,66,59,59,52,46,88,62.9,38,14,10,6,30.2,30.1,30,0
2019,8,30,75,66.5,59,55,54.6,52,88,67.3,47,14,9.2,5,30.2,30.1,30,0
2019,8,31,75,65.5,59,57,54,48,88,68.5,47,16,8.5,1,30,29.9,29.8,0.1
